episode,global_step,mode,reward,length,success,initial_distance,final_distance,success_rate_20,mean_reward_20,hard_success_rate,uniform_success_rate,alpha,critic_loss,actor_loss,object_x,object_y,object_z
1,120,hard_negative_y,-13.28342998255976,120,0,0.478042334318161,0.07286696881055832,0.0,-13.28342998255976,0.0,0.0,0.012325356714427471,0.0,0.0,0.49328479170799255,-0.15971416234970093,0.029892245307564735
2,240,hard_negative_y,-14.459935326501723,120,0,0.48107972741127014,0.06996773928403854,0.0,-13.87168265453074,0.0,0.0,0.012325356714427471,0.0,0.0,0.47775229811668396,-0.18430116772651672,0.029892245307564735
3,360,hard_negative_y,-14.67218220576644,120,0,0.4914669394493103,0.06519989669322968,0.0,-14.138515838275973,0.0,0.0,0.012074627913534641,0.006249789148569107,-1.375538945198059,0.49880748987197876,-0.19088223576545715,0.029892245307564735
4,396,uniform,-1.6947536107897738,36,1,0.4615592360496521,0.03903205320239067,0.25,-11.027575281404424,0.0,1.0,0.01199758518487215,0.005286060739308596,-1.043959140777588,0.5013666749000549,-0.08333682268857956,0.029892245307564735
5,516,hard_negative_y,-13.86760817222297,120,0,0.48943519592285156,0.07180162519216537,0.2,-11.595581859568133,0.0,1.0,0.011775460094213486,0.004051713272929192,-1.2199777364730835,0.495849072933197,-0.1885889172554016,0.02989225648343563
6,636,hard_negative_y,-12.268406937643883,120,0,0.5125155448913574,0.04630448296666145,0.16666666666666666,-11.70771937258076,0.0,1.0,0.011567381210625172,0.0042992159724235535,-1.3956248760223389,0.5760889649391174,-0.14815127849578857,0.02989225648343563
7,709,hard_negative_y,-4.509038216900078,73,1,0.48977574706077576,0.039979204535484314,0.2857142857142857,-10.679336350340662,0.16666666666666666,1.0,0.011455892585217953,0.0033796201460063457,-1.4925782680511475,0.5100575089454651,-0.17416876554489136,0.029892245307564735
8,829,uniform,-12.559955020099878,120,0,0.4531428813934326,0.05995811149477959,0.25,-10.914413684060563,0.16666666666666666,0.5,0.011276569217443466,0.00426091393455863,-1.4682672023773193,0.44650885462760925,-0.1355751007795334,0.029895680025219917
9,867,uniform,-1.6882974150776873,38,1,0.4391941726207733,0.0384095199406147,0.3333333333333333,-9.889289654173576,0.16666666666666666,0.6666666666666666,0.01121876947581768,0.012426783330738544,-1.7302831411361694,0.42003998160362244,-0.10555826872587204,0.029893357306718826
10,987,hard_negative_y,-13.697390348389748,120,0,0.476858526468277,0.0738910362124443,0.3,-10.270099723595193,0.14285714285714285,0.6666666666666666,0.011056413874030113,0.03551708906888962,-1.395509958267212,0.4595634341239929,-0.18926939368247986,0.029895825311541557
11,1107,hard_negative_y,-13.64692053912208,120,0,0.48035529255867004,0.06446725875139236,0.2727272727272727,-10.577083434097638,0.125,0.6666666666666666,0.010900348424911499,0.035865698009729385,-1.3602875471115112,0.4622564911842346,-0.19575898349285126,0.029892245307564735
12,1154,hard_negative_y,-3.448342542499308,47,1,0.5200150012969971,0.038708388805389404,0.3333333333333333,-9.983021693131109,0.2222222222222222,0.6666666666666666,0.010840567760169506,0.03539783135056496,-1.3220441341400146,0.5817446708679199,-0.16315814852714539,0.029892245307564735
13,1199,hard_negative_y,-2.6282648459076867,45,1,0.4892285168170929,0.03733404725790024,0.38461538461538464,-9.417271166421616,0.3,0.6666666666666666,0.010788114741444588,0.005786094348877668,-1.3515267372131348,0.528642475605011,-0.14800910651683807,0.029892245307564735
14,1246,hard_negative_y,-2.89371087267995,47,1,0.48172563314437866,0.039131034165620804,0.42857142857142855,-8.951302574011496,0.36363636363636365,0.6666666666666666,0.010735929943621159,0.0041664717718958855,-1.2217198610305786,0.5035414099693298,-0.15848544239997864,0.029892245307564735
15,1293,hard_negative_y,-3.58982218176127,47,1,0.5163025856018066,0.03981141746044159,0.4666666666666667,-8.593870547861481,0.4166666666666667,0.6666666666666666,0.01068943552672863,0.07418091595172882,-1.2525287866592407,0.5492727160453796,-0.1988985240459442,0.029892245307564735
16,1329,uniform,-1.2913262020051475,36,1,0.4286699593067169,0.03397265821695328,0.5,-8.137461526245461,0.4166666666666667,0.75,0.010654074139893055,0.006736834067851305,-0.8601412773132324,0.43125486373901367,0.0015503235626965761,0.029892245307564735
17,1366,uniform,-1.6164352551102654,37,1,0.45267605781555176,0.038129065185785294,0.5294117647058824,-7.753871745590451,0.4166666666666667,0.8,0.01061941683292389,0.11435630917549133,-1.4222915172576904,0.4318684935569763,0.14493876695632935,0.029892245307564735
18,1411,hard_negative_y,-3.1056540092080827,45,1,0.5091208815574646,0.039878781884908676,0.5555555555555556,-7.495637426902541,0.46153846153846156,0.8,0.010579776018857956,0.058452703058719635,-1.0274490118026733,0.5608483552932739,-0.16264653205871582,0.029892245307564735
19,1456,hard_negative_y,-2.3463638280332093,45,1,0.47526833415031433,0.03776304051280022,0.5789473684210527,-7.224623026962051,0.5,0.8,0.010539138689637184,0.05306070297956467,-1.20770263671875,0.49380946159362793,-0.15056031942367554,0.029892245307564735
20,1501,hard_negative_y,-3.457956425398586,45,1,0.5209473967552185,0.0378863699734211,0.6,-7.036289696883877,0.5333333333333333,0.8,0.010502125136554241,0.010608501732349396,-1.2622002363204956,0.5682628750801086,-0.18659313023090363,0.029892245307564735
21,1544,hard_negative_y,-3.0047999411821342,43,1,0.5188906788825989,0.039664339274168015,0.65,-6.522358194814996,0.5625,0.8,0.010469241067767143,0.12724460661411285,-0.9519070982933044,0.5783768892288208,-0.1652018129825592,0.029892245307564735
22,1582,hard_negative_y,-2.198220046609637,38,1,0.49046266078948975,0.036922965198755264,0.7,-5.9092724308203906,0.5882352941176471,0.8,0.010442148894071579,0.08325980603694916,-0.9939323663711548,0.5331937074661255,-0.1451817899942398,0.029892245307564735
23,1622,hard_negative_y,-2.541585875898601,40,1,0.4986060857772827,0.03879549354314804,0.75,-5.302742614326999,0.6111111111111112,0.8,0.010415245778858662,0.04970652237534523,-0.8559505939483643,0.545646607875824,-0.15278759598731995,0.029892245307564735
24,1660,hard_negative_y,-2.4243618439137924,38,1,0.49864912033081055,0.03891372308135033,0.75,-5.3392230259832,0.631578947368421,0.8,0.010395186021924019,0.08074435591697693,-0.9844153523445129,0.5415773391723633,-0.15909892320632935,0.029892245307564735
25,1707,hard_negative_y,-2.9324574182927634,47,1,0.48537036776542664,0.03945813700556755,0.8,-4.792465488286689,0.65,0.8,0.010370752774178982,0.10060189664363861,-0.9007347822189331,0.4821883738040924,-0.1912568360567093,0.029892245307564735
26,1746,hard_negative_y,-1.798613641560081,39,1,0.45994868874549866,0.039501532912254333,0.85,-4.268975823482499,0.6666666666666666,0.8,0.010356373153626919,0.0696030929684639,-0.8647546172142029,0.45012709498405457,-0.1529836654663086,0.029894685372710228
27,1789,hard_negative_y,-2.533458280563358,43,1,0.4866868853569031,0.03650042787194252,0.85,-4.170196826665663,0.6818181818181818,0.8,0.010340819135308266,0.12493658065795898,-1.2500929832458496,0.4962576925754547,-0.18091967701911926,0.029892245307564735
28,1863,hard_negative_y,-5.032967988550661,74,1,0.49408581852912903,0.03815355524420738,0.9,-3.793847475088202,0.6956521739130435,0.8,0.010308734141290188,0.21725842356681824,-0.7060270309448242,0.5003778338432312,-0.1959904581308365,0.029892245307564735
29,1899,uniform,-1.3337534068524857,36,1,0.4397009015083313,0.03495095670223236,0.9,-3.7761202746769422,0.6956521739130435,0.8333333333333334,0.010295063257217407,0.11653390526771545,-0.6968607902526855,0.43943604826927185,-0.08649652451276779,0.029892245307564735
30,1946,hard_negative_y,-3.315513815134767,47,1,0.5094966292381287,0.03637298569083214,0.95,-3.2570264480141935,0.7083333333333334,0.8333333333333334,0.010273495689034462,0.07890714704990387,-0.9974026083946228,0.5512164235115051,-0.17785842716693878,0.029892245307564735
31,1986,uniform,-2.9637034119665637,40,1,0.5270323753356934,0.036814846098423004,1.0,-2.7228655916564177,0.7083333333333334,0.8571428571428571,0.010256857611238956,0.05363691970705986,-0.8460720777511597,0.5895929336547852,-0.17202985286712646,0.029892245307564735
32,2025,hard_negative_y,-2.5455044586956506,39,1,0.5082080364227295,0.03951745107769966,1.0,-2.6777236874662345,0.72,0.8571428571428571,0.010245800949633121,0.07109872251749039,-0.8655797243118286,0.5696008801460266,-0.14493218064308167,0.029892245307564735
33,2063,hard_negative_y,-2.1059481421113,38,1,0.49486440420150757,0.03456147387623787,1.0,-2.6516078522764155,0.7307692307692307,0.8571428571428571,0.010233955457806587,0.17343679070472717,-0.6404080390930176,0.5392124056816101,-0.15051957964897156,0.029892245307564735
34,2101,hard_negative_y,-2.1672719393670565,38,1,0.49118584394454956,0.038196220993995667,1.0,-2.615285905610771,0.7407407407407407,0.8571428571428571,0.010220222175121307,0.07057121396064758,-0.7733759880065918,0.5243425965309143,-0.16035309433937073,0.029892245307564735
35,2147,hard_negative_y,-3.083181559257209,46,1,0.5106037259101868,0.0389130562543869,1.0,-2.5899538744855675,0.75,0.8571428571428571,0.01020492147654295,0.06514482200145721,-0.7105059623718262,0.5516710877418518,-0.18039025366306305,0.029892245307564735
36,2190,hard_negative_y,-2.6228507992625225,43,1,0.4902135729789734,0.03661680594086647,1.0,-2.6565301043484366,0.7586206896551724,0.8571428571428571,0.01019330881536007,0.095963254570961,-0.9644750952720642,0.49621284008026123,-0.19024758040905,0.029892245307564735
37,2240,hard_negative_y,-3.5300973649695564,50,1,0.528563380241394,0.03860393166542053,1.0,-2.752213209841401,0.7666666666666667,0.8571428571428571,0.01017710193991661,0.06169162690639496,-0.8327969312667847,0.5823345184326172,-0.18777604401111603,0.029892245307564735
38,2276,uniform,-1.5159538871049882,36,1,0.44813069701194763,0.03504770249128342,1.0,-2.6727282037362463,0.7666666666666667,0.875,0.010166630148887634,0.05246762931346893,-0.8473228216171265,0.4758566915988922,0.06319841742515564,0.029892245307564735
39,2316,hard_negative_y,-2.425081930309533,40,1,0.5008413791656494,0.03925386816263199,1.0,-2.676664108850063,0.7741935483870968,0.875,0.010153645649552345,0.03129260241985321,-0.929919958114624,0.5571012496948242,-0.14135095477104187,0.029892245307564735
40,2361,uniform,-3.0670765042305,45,1,0.5206013917922974,0.03757822513580322,1.0,-2.657120112791658,0.7741935483870968,0.8888888888888888,0.010143710300326347,0.08005252480506897,-0.9149975180625916,0.5679638981819153,-0.1860450953245163,0.029892245307564735
41,2430,uniform,-3.587609403356913,69,1,0.486174076795578,0.039956338703632355,1.0,-2.6862605859003965,0.7741935483870968,0.9,0.0101253567263484,0.051150403916835785,-0.9335277080535889,0.5451874136924744,0.10639636963605881,0.029892245307564735
42,2470,hard_negative_y,-2.0782896411418896,40,1,0.4828936755657196,0.03754810988903046,1.0,-2.6802640656270094,0.78125,0.9,0.010113853961229324,0.05120966210961342,-0.5756889581680298,0.5041747689247131,-0.16122964024543762,0.029892245307564735
43,2509,hard_negative_y,-1.9374853920936586,39,1,0.46657249331474304,0.0346548818051815,1.0,-2.6500590414367626,0.7878787878787878,0.9,0.010106139816343784,0.07401661574840546,-0.8249969482421875,0.47335073351860046,-0.14731846749782562,0.029892245307564735
44,2629,uniform,-14.38592517316341,120,0,0.5029760599136353,0.06922939419746399,0.95,-3.248137207899243,0.7878787878787878,0.8181818181818182,0.010093305259943008,0.08745317161083221,-1.1047204732894897,0.5188664197921753,0.19946110248565674,0.029892245307564735
45,2673,hard_negative_y,-3.1636528922244898,44,1,0.5248157978057861,0.039137087762355804,0.95,-3.2596969815958294,0.7941176470588235,0.8181818181818182,0.010091092437505722,0.021784184500575066,-0.9274489879608154,0.5855592489242554,-0.17183177173137665,0.029892245307564735
46,2716,hard_negative_y,-2.2873443596065046,43,1,0.4802533984184265,0.03749804571270943,0.95,-3.2841335174981503,0.8,0.8181818181818182,0.010087724775075912,0.10131484270095825,-0.8104823231697083,0.47646790742874146,-0.18332883715629578,0.029892245307564735
47,2836,uniform,-13.496820711791518,120,0,0.49292582273483276,0.06294147670269012,0.9,-3.8323016390595592,0.8,0.75,0.010091808624565601,0.012172366492450237,-0.9033642411231995,0.5490841269493103,0.12672606110572815,0.029892245307564735
48,2874,hard_negative_y,-1.758994604498147,38,1,0.4569094479084015,0.03481406345963478,0.9,-3.668602969856933,0.8055555555555556,0.75,0.01009020209312439,0.09066586196422577,-1.3574987649917603,0.4518348276615143,-0.14163120090961456,0.029894761741161346
49,2910,uniform,-1.3150111290812516,36,1,0.43081918358802795,0.03286287561058998,0.9,-3.667665855968371,0.8055555555555556,0.7692307692307693,0.010088860057294369,0.018133923411369324,-1.0977184772491455,0.43084320425987244,-0.04417868331074715,0.029892245307564735
50,2948,hard_negative_y,-2.142627080529927,38,1,0.4970185160636902,0.03614575043320656,0.9,-3.609021519238129,0.8108108108108109,0.7692307692307693,0.010088566690683365,0.03773454204201698,-1.214195728302002,0.5437987446784973,-0.15047228336334229,0.029892245307564735
51,2984,uniform,-1.6533625324070451,36,1,0.4745981991291046,0.03550305217504501,0.9,-3.5435044752601526,0.8108108108108109,0.7857142857142857,0.010092184878885746,0.01687305048108101,-1.2468981742858887,0.5239983797073364,-0.09920956939458847,0.029892245307564735
52,3025,hard_negative_y,-2.7175088180601605,41,1,0.5142745971679688,0.03914310783147812,0.9,-3.5521046932283795,0.8157894736842105,0.7857142857142857,0.010094658471643925,0.050903014838695526,-1.173208475112915,0.5707756876945496,-0.16306422650814056,0.029892245307564735
53,3066,hard_negative_y,-2.781898426674309,41,1,0.5163328051567078,0.03859850391745567,0.9,-3.5859022074565288,0.8205128205128205,0.7857142857142857,0.010102849453687668,0.0131056047976017,-1.4601719379425049,0.566339910030365,-0.17615731060504913,0.029892245307564735
54,3103,hard_negative_y,-1.881445961892605,37,1,0.4897232949733734,0.03949536010622978,0.9,-3.5716109085828065,0.825,0.7857142857142857,0.010111148469150066,0.012584276497364044,-1.1096607446670532,0.5205583572387695,-0.16096262633800507,0.029892245307564735
55,3143,hard_negative_y,-2.6551317752897754,40,1,0.5129507184028625,0.03966579958796501,0.9,-3.550208419384435,0.8292682926829268,0.7857142857142857,0.0101159131154418,0.01339434739202261,-0.8252729773521423,0.5696243643760681,-0.1607358157634735,0.029892245307564735
56,3181,hard_negative_y,-1.7996914327144653,38,1,0.46296513080596924,0.039266493171453476,0.9,-3.509050451057032,0.8333333333333334,0.7857142857142857,0.010121562518179417,0.02169841341674328,-1.234697937965393,0.45409536361694336,-0.15763717889785767,0.029893822968006134
57,3217,uniform,-1.351149645745756,36,1,0.4421502947807312,0.03633738309144974,0.9,-3.400103065095842,0.8333333333333334,0.8,0.010126824490725994,0.032410308718681335,-0.9697822332382202,0.4404034912586212,0.09687361121177673,0.029892245307564735
58,3253,uniform,-1.397043249458072,36,1,0.4348174035549164,0.036915093660354614,0.9,-3.394157533213496,0.8333333333333334,0.8125,0.010133964940905571,0.02376016229391098,-0.9706441164016724,0.43366533517837524,0.06859972327947617,0.029892245307564735
59,3287,uniform,-1.3604092402756223,34,1,0.46373704075813293,0.039051372557878494,0.9,-3.3409238987118015,0.8333333333333334,0.8235294117647058,0.010142632760107517,0.03123096190392971,-1.1104683876037598,0.5188286304473877,-0.04321851581335068,0.029892245307564735
60,3327,hard_negative_y,-2.129672423601151,40,1,0.49142393469810486,0.03659645840525627,0.9,-3.2940536946803336,0.8372093023255814,0.8235294117647058,0.010149579495191574,0.05181221663951874,-1.2193846702575684,0.4995212256908417,-0.19005124270915985,0.029892245307564735
61,3365,hard_negative_y,-1.7928152066469174,38,1,0.47080156207084656,0.0335809625685215,0.9,-3.204313984844833,0.8409090909090909,0.8235294117647058,0.010155959986150265,0.01573912426829338,-1.5496487617492676,0.4843045771121979,-0.1479966789484024,0.029892245307564735
62,3404,hard_negative_y,-1.885905473679304,39,1,0.47732779383659363,0.035869013518095016,0.9,-3.194694776471704,0.8444444444444444,0.8235294117647058,0.010165364481508732,0.027224496006965637,-1.1432163715362549,0.4760451912879944,-0.17592906951904297,0.029892245307564735
63,3445,hard_negative_y,-2.7406850871443753,41,1,0.5172083973884583,0.03843686357140541,0.9,-3.23485476122424,0.8478260869565217,0.8235294117647058,0.01017073169350624,0.020533189177513123,-1.2590820789337158,0.5547395348548889,-0.19446904957294464,0.029892245307564735
64,3486,hard_negative_y,-2.7106769296526902,41,1,0.5176637172698975,0.03989512473344803,0.95,-2.651092349048705,0.851063829787234,0.8235294117647058,0.010182465426623821,0.03899698704481125,-1.1896836757659912,0.5724475979804993,-0.17088764905929565,0.029892245307564735
65,3523,hard_negative_y,-1.930999559611081,37,1,0.4934021234512329,0.03755825757980347,0.95,-2.589459682418034,0.8541666666666666,0.8235294117647058,0.010193517431616783,0.013035411015152931,-0.9767714738845825,0.5257704257965088,-0.1651441603899002,0.029892245307564735
66,3562,hard_negative_y,-2.0855087143182747,39,1,0.48603710532188416,0.039077453315258026,0.95,-2.5793679001536223,0.8571428571428571,0.8235294117647058,0.010203087702393532,0.04764094203710556,-1.0269434452056885,0.4916701018810272,-0.18388892710208893,0.029892245307564735
67,3602,hard_negative_y,-1.988910669982432,40,1,0.46967002749443054,0.032839398831129074,1.0,-2.0039723980631683,0.86,0.8235294117647058,0.010211916640400887,0.017536723986268044,-1.0151764154434204,0.45179635286331177,-0.17866282165050507,0.029895180836319923
68,3638,uniform,-1.545817749649288,36,1,0.4668167531490326,0.03593140468001366,1.0,-1.9933135553207246,0.86,0.8333333333333334,0.010226107202470303,0.02093745581805706,-1.2352266311645508,0.5283831357955933,0.024391425773501396,0.029892245307564735
69,3678,hard_negative_y,-2.438559529259802,40,1,0.5107418894767761,0.03661574050784111,1.0,-2.0494909753296526,0.8627450980392157,0.8333333333333334,0.01023735199123621,0.045763738453388214,-1.2419321537017822,0.5385810136795044,-0.1972699612379074,0.029892245307564735
70,3714,hard_negative_y,-1.5140916992723943,36,1,0.46689411997795105,0.0376264788210392,1.0,-2.0180642062667755,0.8653846153846154,0.8333333333333334,0.010244745761156082,0.021520446985960007,-0.9728790521621704,0.4752495586872101,-0.14617684483528137,0.029892245307564735
71,3751,hard_negative_y,-1.7403857350349394,37,1,0.46389201283454895,0.039399098604917526,1.0,-2.022415366398171,0.8679245283018868,0.8333333333333334,0.010257254354655743,0.016189230605959892,-1.1506516933441162,0.45448583364486694,-0.15987347066402435,0.029895512387156487
72,3790,hard_negative_y,-2.4837611404061324,39,1,0.514723539352417,0.03971047326922417,1.0,-2.010727982515469,0.8703703703703703,0.8333333333333334,0.010280713438987732,0.02633829414844513,-1.2417035102844238,0.5606128573417664,-0.17974881827831268,0.029892245307564735
73,3827,hard_negative_y,-1.6461908358335489,37,1,0.4651228189468384,0.03995872661471367,1.0,-1.9539426029734315,0.8727272727272727,0.8333333333333334,0.010302566923201084,0.018656089901924133,-1.1209361553192139,0.45526570081710815,-0.162510946393013,0.029895445331931114
74,3866,hard_negative_y,-1.9794989287853237,39,1,0.48297736048698425,0.036975327879190445,1.0,-1.9588452513180674,0.875,0.8333333333333334,0.010324353352189064,0.01670754887163639,-0.8704400062561035,0.49076464772224426,-0.176589235663414,0.029892245307564735
75,3902,uniform,-1.2628541155159496,36,1,0.4428671598434448,0.033440347760915756,1.0,-1.889231368329376,0.875,0.8421052631578947,0.01034473441541195,0.035435110330581665,-0.9386388659477234,0.43932703137397766,0.10151325911283493,0.029892245307564735
76,3937,uniform,-1.2552366708219056,35,1,0.4474060833454132,0.036160919815301895,1.0,-1.862008630234748,0.875,0.85,0.010366920381784439,0.009920252487063408,-0.751401960849762,0.47568076848983765,0.05834803357720375,0.029892245307564735
77,3975,uniform,-1.8850478039681935,38,1,0.47179746627807617,0.03719724714756012,1.0,-1.8887035381458699,0.875,0.8571428571428571,0.010389125905930996,0.019114458933472633,-1.1140594482421875,0.45247548818588257,-0.18350592255592346,0.029893439263105392
78,4018,hard_negative_y,-2.8406544482707963,43,1,0.5146141648292542,0.038621459156274796,1.0,-1.960884098086506,0.8771929824561403,0.8571428571428571,0.010412584990262985,0.008845536038279533,-1.0691031217575073,0.5742475986480713,-0.1584164798259735,0.029892245307564735
79,4054,uniform,-1.2527235648036008,36,1,0.4470868408679962,0.03193589672446251,1.0,-1.9554998143129052,0.8771929824561403,0.8636363636363636,0.010434359312057495,0.020885644480586052,-1.3765482902526855,0.45007461309432983,0.10536020994186401,0.029892245307564735
80,4095,uniform,-2.829364215284584,41,1,0.5173510909080505,0.038459233939647675,1.0,-1.9904844038970768,0.8771929824561403,0.8695652173913043,0.010461915284395218,0.027827022597193718,-1.3931686878204346,0.5618016719818115,-0.18551839888095856,0.029892245307564735
81,4134,hard_negative_y,-2.188627088367939,39,1,0.48944413661956787,0.03430001065135002,1.0,-2.0102749979831276,0.8793103448275862,0.8695652173913043,0.010485167615115643,0.013918355107307434,-1.1530455350875854,0.49786102771759033,-0.18658502399921417,0.029892245307564735
82,4172,hard_negative_y,-1.9780013903975497,38,1,0.48135459423065186,0.03587604686617851,1.0,-2.0148797938190404,0.8813559322033898,0.8695652173913043,0.010504194535315037,0.02508728764951229,-1.0269111394882202,0.512561023235321,-0.1453748345375061,0.029892245307564735
83,4208,uniform,-1.4881307271122939,36,1,0.4676676094532013,0.03300728648900986,1.0,-1.952252075817436,0.8813559322033898,0.875,0.010525302961468697,0.021659962832927704,-1.0655183792114258,0.5061299800872803,0.10366729646921158,0.029892245307564735
84,4243,uniform,-1.5936538587510576,35,1,0.4689047932624817,0.0374126136302948,1.0,-1.896400922272354,0.8813559322033898,0.88,0.01054348610341549,0.011862548068165779,-1.3815815448760986,0.5227777361869812,-0.07070356607437134,0.029892245307564735
85,4281,hard_negative_y,-1.8780373479425903,38,1,0.48004087805747986,0.036613158881664276,1.0,-1.8937528116889293,0.8833333333333333,0.88,0.010567494668066502,0.012267496436834335,-1.360808253288269,0.489872545003891,-0.16936028003692627,0.029892245307564735
86,4318,hard_negative_y,-1.6878407058119764,37,1,0.4636278450489044,0.03313831612467766,1.0,-1.873869411263615,0.8852459016393442,0.88,0.010590562596917152,0.013592762872576714,-1.3360008001327515,0.46875643730163574,-0.1430763155221939,0.029892245307564735
87,4357,hard_negative_y,-1.9635366296768177,39,1,0.4685436487197876,0.039173778146505356,1.0,-1.8726007092483343,0.8870967741935484,0.88,0.010609137825667858,0.01277029700577259,-1.2908216714859009,0.45482757687568665,-0.17252054810523987,0.029894957318902016
88,4404,hard_negative_y,-3.267117266207933,47,1,0.5198458433151245,0.039045292884111404,1.0,-1.9586656850762665,0.8888888888888888,0.88,0.010629767552018166,0.015821825712919235,-1.12823486328125,0.5892433524131775,-0.14922568202018738,0.029892245307564735
89,4441,hard_negative_y,-1.7923688362538819,37,1,0.4720724821090698,0.036499034613370895,1.0,-1.9263561504259705,0.890625,0.88,0.010647258721292019,0.011945674195885658,-0.95099937915802,0.48020079731941223,-0.156651109457016,0.029892245307564735
90,4481,hard_negative_y,-2.2215107046067724,40,1,0.48430517315864563,0.03727900981903076,1.0,-1.961727100692689,0.8923076923076924,0.88,0.010670348070561886,0.01023122575134039,-1.3289848566055298,0.46923115849494934,-0.19979430735111237,0.029892245307564735
91,4516,uniform,-1.2572439150512205,35,1,0.4393780529499054,0.03840959072113037,1.0,-1.9375700096935033,0.8923076923076924,0.8846153846153846,0.010685140267014503,0.014106247574090958,-1.1962807178497314,0.45585381984710693,0.0507967509329319,0.029892245307564735
92,4555,hard_negative_y,-2.2013568754494175,39,1,0.4958213269710541,0.034921836107969284,1.0,-1.9234497964456678,0.8939393939393939,0.8846153846153846,0.010694452561438084,0.010253293439745903,-1.138014793395996,0.5164077877998352,-0.18350538611412048,0.029892245307564735
93,4608,hard_negative_y,-3.5920808191597438,53,1,0.5216088891029358,0.039575450122356415,1.0,-2.0207442956119777,0.8955223880597015,0.8846153846153846,0.010717174969613552,0.009244192391633987,-1.290664792060852,0.5815794467926025,-0.16843873262405396,0.029892245307564735
94,4651,hard_negative_y,-2.7995430725812893,43,1,0.5130382776260376,0.03996548056602478,1.0,-2.0617465028017756,0.8970588235294118,0.8846153846153846,0.010740553960204124,0.015281299129128456,-1.1759483814239502,0.5781239867210388,-0.14681552350521088,0.0300432238727808
95,4690,hard_negative_y,-2.51544711828232,39,1,0.5071679949760437,0.03685879707336426,1.0,-2.1243761529400937,0.8985507246376812,0.8846153846153846,0.010753857903182507,0.009941821917891502,-1.1258857250213623,0.5587588548660278,-0.159767284989357,0.029892245307564735
96,4728,hard_negative_y,-2.1492190487682823,38,1,0.49812960624694824,0.035567447543144226,1.0,-2.169075271837413,0.9,0.8846153846153846,0.01077236421406269,0.022289186716079712,-1.200254201889038,0.5415576696395874,-0.15749238431453705,0.029892245307564735
97,4766,hard_negative_y,-1.8783395448327083,38,1,0.46910685300827026,0.032474830746650696,1.0,-2.168739858880638,0.9014084507042254,0.8846153846153846,0.010786895640194416,0.00473265815526247,-0.5026187896728516,0.47359851002693176,-0.1548921763896942,0.029892245307564735
98,4815,hard_negative_y,-3.178885150849821,49,1,0.510595977306366,0.03953254967927933,1.0,-2.18565139400959,0.9027777777777778,0.8846153846153846,0.01081398967653513,0.009715958498418331,-1.072961688041687,0.578402042388916,-0.15015986561775208,0.03557697683572769
99,4853,hard_negative_y,-2.2803824970126136,38,1,0.5040007829666138,0.033756647258996964,1.0,-2.2370343406200406,0.9041095890410958,0.8846153846153846,0.010825464501976967,0.009099707007408142,-1.3987880945205688,0.5393993854522705,-0.17803175747394562,0.029892245307564735
100,4892,hard_negative_y,-2.3462131142616274,39,1,0.49129119515419006,0.0385592021048069,1.0,-2.2128767855688927,0.9054054054054054,0.8846153846153846,0.010839859955012798,0.007854925468564034,-1.3414276838302612,0.4888648986816406,-0.19994550943374634,0.029892245307564735
101,4930,hard_negative_y,-1.9301061815023424,38,1,0.47120335698127747,0.03798433765769005,1.0,-2.1999507402256127,0.9066666666666666,0.8846153846153846,0.010849814862012863,0.006650617346167564,-1.2289319038391113,0.47676989436149597,-0.15778563916683197,0.029892245307564735
102,4967,hard_negative_y,-1.8089804790914057,37,1,0.46459197998046875,0.03510090336203575,1.0,-2.1914996946603056,0.9078947368421053,0.8846153846153846,0.010858064517378807,0.01831119880080223,-1.3732781410217285,0.47252315282821655,-0.14189137518405914,0.029892245307564735
103,5004,hard_negative_y,-1.7530749718844891,37,1,0.47364887595176697,0.03438098356127739,1.0,-2.204746906898915,0.9090909090909091,0.8846153846153846,0.010860275477170944,0.008896833285689354,-1.4165043830871582,0.4803807735443115,-0.16114597022533417,0.029892245307564735
104,5055,uniform,-3.2630177274346366,51,1,0.5105710625648499,0.03837740793824196,1.0,-2.2882151003330944,0.9090909090909091,0.8888888888888888,0.010868843644857407,0.007360286079347134,-0.9003053903579712,0.5408451557159424,0.19413216412067413,0.029892245307564735
105,5092,hard_negative_y,-2.2574512919783585,37,1,0.5052056312561035,0.03601478785276413,1.0,-2.307185797534882,0.9102564102564102,0.8888888888888888,0.010875563137233257,0.01649782434105873,-1.0899014472961426,0.5495786070823669,-0.1675610989332199,0.029892245307564735
106,5130,hard_negative_y,-2.472574585825206,38,1,0.49963897466659546,0.039218779653310776,1.0,-2.3464224915355443,0.9113924050632911,0.8888888888888888,0.010881751775741577,0.00857175700366497,-0.9870270490646362,0.5200023651123047,-0.1896214634180069,0.029892245307564735
107,5180,hard_negative_y,-3.267708050161599,50,1,0.5208430290222168,0.03715439513325691,1.0,-2.4116310625597834,0.9125,0.8888888888888888,0.010889329947531223,0.009991900995373726,-1.1850992441177368,0.565542995929718,-0.1900579184293747,0.029892245307564735
108,5235,hard_negative_y,-4.013952619805937,55,1,0.5327739715576172,0.03989393636584282,1.0,-2.4489728302396836,0.9135802469135802,0.8888888888888888,0.010911290533840656,0.014648486860096455,-1.213026762008667,0.5827932953834534,-0.19868530333042145,0.029892245307564735
109,5285,hard_negative_y,-3.088922182470558,50,1,0.5086222887039185,0.038121964782476425,1.0,-2.5138004975505175,0.9146341463414634,0.8888888888888888,0.010928311385214329,0.007719158194959164,-1.5157227516174316,0.5504563450813293,-0.17639173567295074,0.029892245307564735
110,5319,uniform,-1.269040332287549,34,1,0.4565832018852234,0.038333188742399216,1.0,-2.4661769789345565,0.9146341463414634,0.8928571428571429,0.010935714468359947,0.00998176634311676,-1.098510503768921,0.5038096308708191,0.037693120539188385,0.029892245307564735
111,5355,hard_negative_y,-1.7887370596826093,36,1,0.4796915650367737,0.03352512791752815,1.0,-2.4927516361661257,0.9156626506024096,0.8928571428571429,0.010942729189991951,0.009359496645629406,-1.4438658952713013,0.5120804905891418,-0.14047375321388245,0.029892245307564735
112,5394,hard_negative_y,-2.371913798600435,39,1,0.46435511112213135,0.03960302099585533,1.0,-2.501279482323677,0.9166666666666666,0.8928571428571429,0.010951625183224678,0.007857860997319221,-0.8751529455184937,0.45489200949668884,-0.16106218099594116,0.02989598736166954
113,5431,hard_negative_y,-1.9655638642609112,37,1,0.47666651010513306,0.03797801584005356,1.0,-2.419953634578735,0.9176470588235294,0.8928571428571429,0.010958295315504074,0.005598234012722969,-1.1424877643585205,0.49510422348976135,-0.15334273874759674,0.029892245307564735
114,5551,uniform,-12.896155239529902,120,0,0.47236496210098267,0.07508295774459839,0.95,-2.924784242926166,0.9176470588235294,0.8620689655172413,0.010953760705888271,0.008461199700832367,-1.2472670078277588,0.43631890416145325,-0.1977098137140274,0.029895279556512833
115,5589,uniform,-2.129392855018377,38,1,0.4791645109653473,0.0391927994787693,0.95,-2.9054815297629686,0.9176470588235294,0.8666666666666667,0.010954581201076508,0.005476195830851793,-1.197072982788086,0.48072192072868347,-0.17636613547801971,0.029892245307564735
116,5625,hard_negative_y,-1.8812768594920621,36,1,0.48082730174064636,0.03769369795918465,0.95,-2.8920844202991574,0.9186046511627907,0.8666666666666667,0.010947484523057938,0.010552525520324707,-1.2930008172988892,0.5074160099029541,-0.15071508288383484,0.029892245307564735
117,5674,hard_negative_y,-3.233369208127259,49,1,0.5188944935798645,0.03797166422009468,0.95,-2.9598359034638855,0.9195402298850575,0.8666666666666667,0.010940831154584885,0.006375586614012718,-1.0410948991775513,0.5706043243408203,-0.17735132575035095,0.029892245307564735
118,5711,hard_negative_y,-2.1712794433534155,37,1,0.4912712872028351,0.036553483456373215,0.95,-2.9094556180890643,0.9204545454545454,0.8666666666666667,0.010933518409729004,0.008345428854227066,-0.7966967225074768,0.5200539231300354,-0.16626101732254028,0.029892245307564735
119,5753,uniform,-2.3295653931796565,42,1,0.4937933683395386,0.03691324591636658,0.95,-2.9119147628974167,0.9204545454545454,0.8709677419354839,0.010931923054158688,0.00641065277159214,-1.4743809700012207,0.5493234992027283,0.12961317598819733,0.029892245307564735
120,5801,hard_negative_y,-3.20796956047416,48,1,0.5119192004203796,0.03983071446418762,0.95,-2.9550025852080433,0.9213483146067416,0.8709677419354839,0.01093545276671648,0.007632795721292496,-0.8598582744598389,0.5704211592674255,-0.15607613325119019,0.029892245307564735
121,5837,hard_negative_y,-1.7762599892914306,36,1,0.47615116834640503,0.039442408829927444,0.95,-2.9473102755974976,0.9222222222222223,0.8709677419354839,0.01092769205570221,0.009288806468248367,-1.4826655387878418,0.5027181506156921,-0.1417776346206665,0.029892245307564735
122,5874,hard_negative_y,-2.134425482451915,37,1,0.49714162945747375,0.03318367525935173,0.95,-2.9635825257655233,0.9230769230769231,0.8709677419354839,0.010915984399616718,0.005658025853335857,-1.2108478546142578,0.5414133667945862,-0.1545582115650177,0.029892245307564735
123,5909,uniform,-1.4930396743118761,35,1,0.46581006050109863,0.0331478975713253,0.95,-2.9505807608868926,0.9230769230769231,0.875,0.010920394212007523,0.014158906415104866,-1.512152910232544,0.5114256739616394,-0.08292184770107269,0.029892245307564735
124,5947,hard_negative_y,-2.4510149370133876,38,1,0.5033236742019653,0.03619209676980972,0.95,-2.90998062136583,0.9239130434782609,0.875,0.010914396494626999,0.011186575517058372,-1.661024808883667,0.5284650325775146,-0.1896720677614212,0.029892245307564735
125,6004,uniform,-3.9194958977401253,57,1,0.5175237059593201,0.03979014605283737,0.95,-2.9930828516539187,0.9239130434782609,0.8787878787878788,0.010913917794823647,0.014302858151495457,-1.2779861688613892,0.5916223526000977,-0.13605482876300812,0.029892245307564735
126,6042,hard_negative_y,-2.5263741822540773,38,1,0.513378381729126,0.03669704496860504,0.95,-2.9957728314753624,0.9247311827956989,0.8787878787878788,0.010918821208178997,0.0283410232514143,-1.7423887252807617,0.5465515851974487,-0.19457809627056122,0.029892245307564735
127,6078,hard_negative_y,-1.9979910300672046,36,1,0.4867643415927887,0.03776567429304123,0.95,-2.9322869804706424,0.925531914893617,0.8787878787878788,0.010927457362413406,0.005659237038344145,-0.9666249752044678,0.5275026559829712,-0.1414412260055542,0.029892245307564735
128,6115,hard_negative_y,-2.204535632133487,37,1,0.49556025862693787,0.03860636055469513,0.95,-2.84181613108702,0.9263157894736842,0.8787878787878788,0.010934175923466682,0.006402242928743362,-1.1600449085235596,0.50825035572052,-0.19174206256866455,0.029892245307564735
129,6155,uniform,-2.2953630125522606,40,1,0.4932677149772644,0.038393616676330566,0.95,-2.8021381725911043,0.9263157894736842,0.8823529411764706,0.01093436311930418,0.005846782121807337,-1.1276897192001343,0.5803080797195435,0.01747281476855278,0.029892245307564735
130,6194,hard_negative_y,-2.5507797563076036,39,1,0.5080609321594238,0.039913028478622437,0.95,-2.8662251437921076,0.9270833333333334,0.8823529411764706,0.010951828211545944,0.01828130893409252,-1.6043531894683838,0.5450197458267212,-0.18210074305534363,0.029892245307564735
131,6232,hard_negative_y,-2.4992616635560996,38,1,0.5131472945213318,0.03750636801123619,0.95,-2.9017513739857823,0.9278350515463918,0.8823529411764706,0.010956509038805962,0.0071003008633852005,-1.5748203992843628,0.5427793264389038,-0.19853545725345612,0.029892245307564735
132,6267,uniform,-1.794204674214125,35,1,0.4842524230480194,0.03777197748422623,0.95,-2.872865917766467,0.9278350515463918,0.8857142857142857,0.010968170128762722,0.008829532191157341,-1.4165892601013184,0.5630419850349426,-0.02513580583035946,0.029892245307564735
133,6306,hard_negative_y,-2.6440198844671254,39,1,0.5178111791610718,0.03916558250784874,0.95,-2.9067887187767774,0.9285714285714286,0.8857142857142857,0.010981221683323383,0.008254447020590305,-1.3571091890335083,0.552108108997345,-0.19934624433517456,0.029892245307564735
134,6345,hard_negative_y,-2.454243456423284,39,1,0.5074394941329956,0.03974023833870888,1.0,-2.3846931296214464,0.9292929292929293,0.8857142857142857,0.010996061377227306,0.007660919800400734,-1.448594093322754,0.5409847497940063,-0.18556413054466248,0.029892245307564735
135,6382,hard_negative_y,-2.181763542294502,37,1,0.49560362100601196,0.03979027643799782,1.0,-2.3873116639852534,0.93,0.8857142857142857,0.010999963618814945,0.009626509621739388,-0.8649407625198364,0.5434761047363281,-0.14625373482704163,0.029892245307564735
136,6418,uniform,-1.3352759930491453,36,1,0.4232148230075836,0.03452548757195473,1.0,-2.360011620663107,0.93,0.8888888888888888,0.011019366793334484,0.01050733495503664,-1.5503044128417969,0.40600529313087463,0.03148797154426575,0.029892245307564735
137,6456,hard_negative_y,-2.1599887727201006,38,1,0.4627450406551361,0.037683285772800446,1.0,-2.3063425988927486,0.9306930693069307,0.8888888888888888,0.011034451425075531,0.01036885567009449,-1.559731125831604,0.45633456110954285,-0.15425316989421844,0.02989521063864231
138,6506,hard_negative_y,-3.5091958687081943,50,1,0.5242776870727539,0.03945433720946312,1.0,-2.373238420160488,0.9313725490196079,0.8888888888888888,0.011059035547077656,0.010613956488668919,-1.6062390804290771,0.585981547832489,-0.16948813199996948,0.029892245307564735
139,6546,hard_negative_y,-2.435994423031807,40,1,0.49482518434524536,0.03583414480090141,1.0,-2.378559871653095,0.9320388349514563,0.8888888888888888,0.011072332039475441,0.011624714359641075,-1.527381181716919,0.5022006034851074,-0.19604897499084473,0.029892245307564735
140,6584,hard_negative_y,-2.101544800549746,38,1,0.47538575530052185,0.03844546899199486,1.0,-2.323238633656875,0.9326923076923077,0.8888888888888888,0.011084661819040775,0.006138330791145563,-1.4014533758163452,0.4685453176498413,-0.17770737409591675,0.029892245307564735
141,6622,uniform,-2.521513043642045,38,1,0.5075598359107971,0.03859487920999527,1.0,-2.3605012863744057,0.9326923076923077,0.8918918918918919,0.011095698922872543,0.005969764199107885,-1.3894636631011963,0.5858966708183289,-0.10734735429286957,0.029892245307564735
142,6657,uniform,-1.8408118845522399,35,1,0.48211175203323364,0.03806831315159798,1.0,-2.345820606479422,0.9326923076923077,0.8947368421052632,0.011104012839496136,0.012176208198070526,-1.7423096895217896,0.558555543422699,-0.02898775041103363,0.029892245307564735
143,6694,hard_negative_y,-1.9383311240375036,37,1,0.4844599664211273,0.03598314896225929,1.0,-2.368085178965703,0.9333333333333333,0.8947368421052632,0.011112255044281483,0.0078050182200968266,-1.6071600914001465,0.48407822847366333,-0.18716458976268768,0.029892245307564735
144,6746,hard_negative_y,-3.605759233208369,52,1,0.5257230997085571,0.037094514816999435,1.0,-2.425822393775452,0.9339622641509434,0.8947368421052632,0.011147234588861465,0.006896275095641613,-1.2484641075134277,0.5865041613578796,-0.1730666160583496,0.029892245307564735
145,6783,hard_negative_y,-2.1802118466794482,37,1,0.5014881491661072,0.03375609219074249,1.0,-2.3388581912224184,0.9345794392523364,0.8947368421052632,0.011163398623466492,0.010371818207204342,-1.4827194213867188,0.5539067387580872,-0.14905031025409698,0.029892245307564735
146,6821,hard_negative_y,-1.8185598388314252,38,1,0.46623146533966064,0.033860139548778534,1.0,-2.3034674740512857,0.9351851851851852,0.8947368421052632,0.01117771677672863,0.00614978326484561,-1.1015169620513916,0.4539409875869751,-0.16710910201072693,0.029894329607486725
147,6858,hard_negative_y,-2.20717390939593,37,1,0.5034776329994202,0.03706388548016548,1.0,-2.313926618017722,0.9357798165137615,0.8947368421052632,0.011185405775904655,0.006930162664502859,-1.1793205738067627,0.5232781171798706,-0.1959613710641861,0.029892245307564735
148,6894,uniform,-1.6350170275568976,36,1,0.47454890608787537,0.03501007333397865,1.0,-2.285450687788893,0.9357798165137615,0.8974358974358975,0.011185538955032825,0.006215371191501617,-1.2788231372833252,0.5053231716156006,-0.13248105347156525,0.029892245307564735
149,6929,uniform,-1.1506149515509607,35,1,0.42960357666015625,0.035649970173835754,1.0,-2.2282132847388274,0.9357798165137615,0.9,0.011201429180800915,0.008257659152150154,-2.0889227390289307,0.4332244396209717,0.017619872465729713,0.029892245307564735
150,6983,hard_negative_y,-3.5106826846301544,54,1,0.5236608386039734,0.03934180736541748,1.0,-2.2762084311549557,0.9363636363636364,0.9,0.01121697761118412,0.00728639354929328,-1.4407179355621338,0.5696855783462524,-0.192109614610672,0.029892245307564735
151,7021,hard_negative_y,-2.5827010920643794,38,1,0.5176835656166077,0.038143109530210495,1.0,-2.280380402580369,0.9369369369369369,0.9,0.011235499754548073,0.007204723544418812,-1.2555360794067383,0.5577603578567505,-0.19184421002864838,0.029892245307564735
152,7056,uniform,-1.2514271526038652,35,1,0.43726280331611633,0.03962330520153046,1.0,-2.253241526499856,0.9369369369369369,0.9024390243902439,0.011246750131249428,0.00864947959780693,-1.5468053817749023,0.4363042414188385,0.0785055160522461,0.029892245307564735
153,7093,hard_negative_y,-1.9703867936134376,37,1,0.48464661836624146,0.03357100486755371,1.0,-2.2195598719571716,0.9375,0.9024390243902439,0.011257147416472435,0.024420851841568947,-1.5039167404174805,0.5163254737854004,-0.15083858370780945,0.029892245307564735
154,7130,hard_negative_y,-1.729695559591053,37,1,0.464446485042572,0.03220057487487793,1.0,-2.18333247711556,0.9380530973451328,0.9024390243902439,0.011271021328866482,0.007802002597600222,-1.6761670112609863,0.45945969223976135,-0.15549279749393463,0.02989559806883335
155,7178,hard_negative_y,-2.813258894383906,48,1,0.5102683305740356,0.03916052356362343,1.0,-2.21490724472003,0.9385964912280702,0.9024390243902439,0.011293950490653515,0.013292472809553146,-1.2725690603256226,0.5561645030975342,-0.17314575612545013,0.029892245307564735
156,7217,hard_negative_y,-2.7172840805351726,39,1,0.5167574286460876,0.03951369971036911,1.0,-2.284007649094332,0.9391304347826087,0.9024390243902439,0.011312361806631088,0.013206379488110542,-1.423309087753296,0.5799925327301025,-0.155572772026062,0.029892245307564735
157,7260,uniform,-3.48583594158292,43,1,0.5377107858657837,0.036838870495557785,1.0,-2.3503000075374727,0.9391304347826087,0.9047619047619048,0.011330656707286835,0.007503342814743519,-1.682260274887085,0.5955197215080261,0.19385412335395813,0.029892245307564735
158,7301,uniform,-2.9682749913632867,41,1,0.519705057144165,0.03497647866606712,1.0,-2.3232539636702274,0.9391304347826087,0.9069767441860465,0.01134155411273241,0.008584782481193542,-1.5349924564361572,0.597125232219696,0.1327061653137207,0.029892245307564735
159,7338,hard_negative_y,-2.1597027632594132,37,1,0.49909573793411255,0.03979476913809776,1.0,-2.3094393806816074,0.9396551724137931,0.9069767441860465,0.011355364695191383,0.009435313753783703,-1.5830278396606445,0.5181604623794556,-0.1902497410774231,0.029892245307564735
160,7376,hard_negative_y,-1.9443656378984473,38,1,0.4683460593223572,0.031935788691043854,1.0,-2.301580422549043,0.9401709401709402,0.9069767441860465,0.011363359168171883,0.008166313171386719,-1.490415334701538,0.48095443844795227,-0.14413043856620789,0.029892245307564735
161,7412,uniform,-1.5087194228172303,36,1,0.45192772150039673,0.03702438995242119,1.0,-2.2509407415078018,0.9401709401709402,0.9090909090909091,0.011363289318978786,0.005010176450014114,-1.0594391822814941,0.49320074915885925,-0.03541325405240059,0.029892245307564735
162,7449,hard_negative_y,-2.2284707665443415,37,1,0.5006823539733887,0.03654831275343895,1.0,-2.270323685607407,0.940677966101695,0.9090909090909091,0.01137425098568201,0.013683291152119637,-1.6422752141952515,0.5569416284561157,-0.14106963574886322,0.029892245307564735
163,7484,uniform,-1.4349494458734977,35,1,0.4425463378429413,0.038455456495285034,1.0,-2.2451546016992068,0.940677966101695,0.9111111111111111,0.011385586112737656,0.0102881770581007,-1.4297553300857544,0.4527719020843506,-0.07926169037818909,0.029892245307564735
164,7522,hard_negative_y,-2.287015839368105,38,1,0.4999346435070038,0.0367882139980793,1.0,-2.1792174320071935,0.9411764705882353,0.9111111111111111,0.011396791785955429,0.0053690532222390175,-1.7380459308624268,0.5300562381744385,-0.17851655185222626,0.029892245307564735
165,7560,hard_negative_y,-2.0353250026702856,38,1,0.47708168625831604,0.03755870833992958,1.0,-2.171973089806735,0.9416666666666667,0.9111111111111111,0.011410205624997616,0.009174183011054993,-1.278597354888916,0.4440034031867981,-0.20294074714183807,0.029894767329096794
166,7613,hard_negative_y,-3.436612168233844,53,1,0.5174371004104614,0.03950326144695282,1.0,-2.252875706276856,0.9421487603305785,0.9111111111111111,0.011443077586591244,0.009619846008718014,-1.6342527866363525,0.5675510764122009,-0.17760449647903442,0.029892245307564735
167,7649,hard_negative_y,-1.926053587049247,36,1,0.4931144714355469,0.033541373908519745,1.0,-2.238819690159522,0.9426229508196722,0.9111111111111111,0.01146778929978609,0.009277413599193096,-1.3214424848556519,0.5392370820045471,-0.14462286233901978,0.029892245307564735
168,7687,hard_negative_y,-2.736691106408837,38,1,0.5107939839363098,0.03906185179948807,1.0,-2.293903394102119,0.943089430894309,0.9111111111111111,0.011483922600746155,0.012359442189335823,-1.5954184532165527,0.5634802579879761,-0.16375991702079773,0.029892245307564735
169,7725,hard_negative_y,-2.2250700774788843,38,1,0.4905308187007904,0.039802826941013336,1.0,-2.347626150398515,0.9435483870967742,0.9111111111111111,0.011490034870803356,0.013743733055889606,-1.3491673469543457,0.49679020047187805,-0.19049008190631866,0.029892245307564735
170,7761,uniform,-1.5743713372945791,36,1,0.47017720341682434,0.036590203642845154,1.0,-2.250810583031736,0.9435483870967742,0.9130434782608695,0.011504814960062504,0.0113234743475914,-1.559889316558838,0.5101459622383118,0.10716883093118668,0.029892245307564735
171,7799,uniform,-1.8625765404105161,38,1,0.4852968454360962,0.03496486321091652,1.0,-2.214804355449043,0.9435483870967742,0.9148936170212766,0.011509928852319717,0.00742161413654685,-1.4393967390060425,0.49829384684562683,0.1749458909034729,0.029892245307564735
172,7836,uniform,-1.5511687998473631,37,1,0.45462778210639954,0.033231500536203384,1.0,-2.229791437811218,0.9435483870967742,0.9166666666666666,0.011537144891917706,0.007959713228046894,-1.5248677730560303,0.4027894139289856,0.1708608716726303,0.029892245307564735
173,7875,hard_negative_y,-2.372793371379375,39,1,0.4996098577976227,0.037021804600954056,1.0,-2.2499117666995145,0.944,0.9166666666666666,0.011545591987669468,0.0054641347378492355,-1.3576223850250244,0.5148371458053589,-0.19519415497779846,0.029892245307564735
174,7912,hard_negative_y,-1.8339151260256763,37,1,0.46500131487846375,0.03805854171514511,1.0,-2.2551227450212457,0.9444444444444444,0.9166666666666666,0.0115632563829422,0.019698016345500946,-2.018461227416992,0.4705774188041687,-0.14544391632080078,0.029892245307564735
175,7949,hard_negative_y,-1.8608515043556704,37,1,0.4718240797519684,0.036652375012636185,1.0,-2.207502375519834,0.9448818897637795,0.9166666666666666,0.011563058011233807,0.008429989218711853,-1.640561580657959,0.45983824133872986,-0.17592431604862213,0.02989247255027294
176,7986,hard_negative_y,-1.9406983754038816,37,1,0.4872625768184662,0.03882288560271263,1.0,-2.16867309026327,0.9453125,0.9166666666666666,0.011583702638745308,0.00809702929109335,-1.443753957748413,0.5075163245201111,-0.1700139343738556,0.029892245307564735
177,8023,hard_negative_y,-1.7916307878494289,37,1,0.4796966314315796,0.03485778719186783,1.0,-2.0839628325765953,0.9457364341085271,0.9166666666666666,0.011603920720517635,0.00508107990026474,-1.4155560731887817,0.4850640296936035,-0.17345868051052094,0.029892245307564735
178,8059,uniform,-1.7542183376848701,36,1,0.4747496247291565,0.035910364240407944,1.0,-2.0232599998926744,0.9457364341085271,0.9183673469387755,0.011631169356405735,0.013376643881201744,-1.3428375720977783,0.5407499670982361,0.0493578240275383,0.029892245307564735
179,8096,hard_negative_y,-1.8379440894722947,37,1,0.48367807269096375,0.0347575806081295,1.0,-2.0071720662033186,0.9461538461538461,0.9183673469387755,0.011659134179353714,0.007943170145154,-1.2847455739974976,0.4712541401386261,-0.19659695029258728,0.029892245307564735
180,8131,uniform,-1.3873784968256961,35,1,0.4586533308029175,0.036042410880327225,1.0,-1.979322709149681,0.9461538461538461,0.92,0.011681281961500645,0.0109984390437603,-1.7168482542037964,0.5119998455047607,0.004983078222721815,0.029892245307564735
181,8181,hard_negative_y,-3.2086542901396706,50,1,0.5166961550712585,0.03982900455594063,1.0,-2.064319452515803,0.9465648854961832,0.92,0.011720343492925167,0.02140660025179386,-1.6660363674163818,0.5670149922370911,-0.1762276291847229,0.029892245307564735
182,8230,uniform,-3.0968290241807725,49,1,0.5179024934768677,0.039991363883018494,1.0,-2.1077373653976244,0.9465648854961832,0.9215686274509803,0.011744880117475986,0.006930472794920206,-1.3218047618865967,0.5582098364830017,-0.19184716045856476,0.029892245307564735
183,8270,uniform,-2.6030537053942666,40,1,0.5080302953720093,0.0381716750562191,1.0,-2.1661425783736634,0.9465648854961832,0.9230769230769231,0.011778474785387516,0.011781125329434872,-1.2306689023971558,0.5748292803764343,0.1343563348054886,0.029892245307564735
184,8305,uniform,-1.2327904558926814,35,1,0.4467710256576538,0.030253464356064796,1.0,-2.1134313091998917,0.9465648854961832,0.9245283018867925,0.011790157295763493,0.009495656937360764,-2.0367822647094727,0.47095271944999695,-0.06640152633190155,0.029892245307564735
185,8343,uniform,-2.1058995534479594,38,1,0.49715176224708557,0.0376487672328949,1.0,-2.1169600367387758,0.9465648854961832,0.9259259259259259,0.01182006485760212,0.006385863292962313,-1.2822301387786865,0.5336504578590393,0.1657624989748001,0.029892245307564735
186,8380,uniform,-2.0691930507123466,37,1,0.4892105162143707,0.03862176090478897,1.0,-2.048589080862701,0.9465648854961832,0.9272727272727272,0.01185419037938118,0.009236901998519897,-1.7244759798049927,0.5612720847129822,0.0797588974237442,0.029892245307564735
187,8417,uniform,-2.195121250152586,37,1,0.49214550852775574,0.03949164226651192,1.0,-2.062042464017868,0.9465648854961832,0.9285714285714286,0.011867521330714226,0.0062877945601940155,-1.5898387432098389,0.5766928195953369,0.03409454599022865,0.029892245307564735
188,8454,hard_negative_y,-2.158917989134788,37,1,0.4976223111152649,0.037199921905994415,1.0,-2.0331538081541654,0.946969696969697,0.9285714285714286,0.011884832754731178,0.013592841103672981,-1.7772794961929321,0.5367385745048523,-0.16289883852005005,0.029892245307564735
189,8491,hard_negative_y,-2.0101078136265276,37,1,0.48922088742256165,0.038536570966243744,1.0,-2.022405694961548,0.9473684210526315,0.9285714285714286,0.01189518067985773,0.006668817717581987,-1.7091476917266846,0.4867223799228668,-0.1967812180519104,0.029892245307564735
190,8527,uniform,-1.802865310162307,36,1,0.47935596108436584,0.03873102366924286,1.0,-2.0338303936049336,0.9473684210526315,0.9298245614035088,0.011919481679797173,0.009010152891278267,-1.9469554424285889,0.49293163418769836,-0.16400524973869324,0.029892245307564735
191,8564,hard_negative_y,-1.779793353527782,37,1,0.4739663302898407,0.03568166866898537,1.0,-2.0296912342607967,0.9477611940298507,0.9298245614035088,0.01193271391093731,0.007448642048984766,-1.3830946683883667,0.49160662293434143,-0.1491663008928299,0.029892245307564735
192,8599,uniform,-1.3905040892958622,35,1,0.43917426466941833,0.0393342562019825,1.0,-2.0216579987332217,0.9477611940298507,0.9310344827586207,0.011932645924389362,0.0069167097099125385,-1.9936394691467285,0.45232874155044556,-0.058635860681533813,0.029892245307564735
193,8635,hard_negative_y,-1.7604740954935547,36,1,0.4795040190219879,0.03673761337995529,1.0,-1.9910420349389308,0.9481481481481482,0.9310344827586207,0.01194966584444046,0.012021118775010109,-1.5940994024276733,0.5031453371047974,-0.15211069583892822,0.029892245307564735
194,8672,uniform,-1.4650990153849124,37,1,0.44010648131370544,0.034346237778663635,1.0,-1.972601229406893,0.9481481481481482,0.9322033898305084,0.011981891468167305,0.004238313063979149,-1.2222247123718262,0.4033135175704956,0.12688608467578888,0.029892245307564735
195,8708,uniform,-1.2375961980223655,36,1,0.42688196897506714,0.03156118467450142,1.0,-1.9414384640902278,0.9481481481481482,0.9333333333333333,0.012007669545710087,0.008287094533443451,-1.4516836404800415,0.42347100377082825,-0.018605660647153854,0.029892245307564735
196,8752,hard_negative_y,-2.9650930148735624,44,1,0.5193791389465332,0.03916977718472481,1.0,-1.992658196063712,0.9485294117647058,0.9333333333333333,0.012044369243085384,0.011309192515909672,-1.3669713735580444,0.5852906107902527,-0.15491537749767303,0.029892245307564735
197,8789,hard_negative_y,-2.002609386593103,37,1,0.4920571744441986,0.0376230850815773,1.0,-2.0032071260008952,0.948905109489051,0.9333333333333333,0.012063682079315186,0.008093149401247501,-1.7158658504486084,0.511232852935791,-0.17915375530719757,0.029892245307564735
198,8831,hard_negative_y,-2.61245796844363,42,1,0.5086067318916321,0.037697434425354004,1.0,-2.046119107538833,0.9492753623188406,0.9333333333333333,0.012073885649442673,0.008463532663881779,-1.5635799169540405,0.5666645765304565,-0.15147319436073303,0.029892245307564735
199,8871,hard_negative_y,-2.3820061725378032,40,1,0.50306236743927,0.039317745715379715,1.0,-2.0733222116921084,0.9496402877697842,0.9333333333333333,0.012089359574019909,0.011397884227335453,-1.8170472383499146,0.5457203388214111,-0.16665099561214447,0.029892245307564735
200,8907,hard_negative_y,-1.7753650251030946,36,1,0.47937309741973877,0.0386466346681118,1.0,-2.0927215381059785,0.95,0.9333333333333333,0.012095252983272076,0.010155686177313328,-1.6438915729522705,0.5092179775238037,-0.14350344240665436,0.029892245307564735
201,8944,hard_negative_y,-1.8196191546320915,37,1,0.4676239788532257,0.03861280903220177,1.0,-2.0232697813306,0.950354609929078,0.9333333333333333,0.01212331559509039,0.012158341705799103,-1.547874927520752,0.4538014233112335,-0.17111539840698242,0.02989543415606022
202,8984,uniform,-2.450147170275449,40,1,0.5075404644012451,0.03768083453178406,1.0,-1.9909356886353335,0.950354609929078,0.9344262295081968,0.012143825180828571,0.009630691260099411,-1.3966313600540161,0.5504605174064636,-0.17324170470237732,0.029892245307564735
203,9021,hard_negative_y,-1.895394186675552,37,1,0.46857520937919617,0.035049546509981155,1.0,-1.955552712699398,0.9507042253521126,0.9344262295081968,0.012163182720541954,0.006174915935844183,-1.8580220937728882,0.48215943574905396,-0.14341424405574799,0.029892245307564735
204,9060,hard_negative_y,-2.4668862158060083,39,1,0.5109286904335022,0.03711837902665138,1.0,-2.0172575006950644,0.951048951048951,0.9344262295081968,0.012175756506621838,0.008135687559843063,-1.890951156616211,0.5614787936210632,-0.16726477444171906,0.029892245307564735
205,9095,uniform,-1.313950611203909,35,1,0.4364685118198395,0.03916442394256592,1.0,-1.9776600535828617,0.951048951048951,0.9354838709677419,0.012186995707452297,0.008698339574038982,-1.6825083494186401,0.4271213710308075,0.0880863144993782,0.029892245307564735
206,9140,hard_negative_y,-2.8484572368860253,45,1,0.5116024613380432,0.03962128609418869,1.0,-2.0166232628915455,0.9513888888888888,0.9354838709677419,0.012200851924717426,0.010424606502056122,-1.8120663166046143,0.5393995642662048,-0.19853326678276062,0.029892245307564735
207,9178,uniform,-2.384717853665352,38,1,0.5037798881530762,0.03222331777215004,1.0,-2.026103093067184,0.9513888888888888,0.9365079365079365,0.012217915616929531,0.010309250093996525,-1.6459763050079346,0.5798256397247314,0.10511849075555801,0.029892245307564735
208,9216,hard_negative_y,-2.244610545933247,38,1,0.4986412525177002,0.03644341230392456,1.0,-2.030387720907107,0.9517241379310345,0.9365079365079365,0.012248879298567772,0.005926427431404591,-1.4298850297927856,0.5084260702133179,-0.19939260184764862,0.029892245307564735
209,9254,hard_negative_y,-1.876024661511182,38,1,0.468258798122406,0.03150434046983719,1.0,-2.0236835633013395,0.952054794520548,0.9365079365079365,0.012253254652023315,0.009770361706614494,-1.6884832382202148,0.4507230222225189,-0.1760941743850708,0.029892152175307274
210,9291,uniform,-1.8532689492404453,37,1,0.47984710335731506,0.03690756484866142,1.0,-2.0262037452552466,0.952054794520548,0.9375,0.012266963720321655,0.008288932032883167,-1.6925671100616455,0.5073999762535095,0.14757981896400452,0.029892245307564735
211,9327,hard_negative_y,-1.896025160998108,36,1,0.4878993630409241,0.03960828110575676,1.0,-2.032015335628763,0.9523809523809523,0.9375,0.012262384407222271,0.00901783537119627,-1.4778733253479004,0.5267807841300964,-0.14638881385326385,0.029892245307564735
212,9364,hard_negative_y,-1.9185773831605895,37,1,0.4868958294391632,0.03530488908290863,1.0,-2.058419000321999,0.9527027027027027,0.9375,0.012260525487363338,0.010265433229506016,-1.608068823814392,0.5173143744468689,-0.15659663081169128,0.029892245307564735
213,9399,uniform,-1.5144673772156239,35,1,0.4668794572353363,0.03734733536839485,1.0,-2.0461186644081026,0.9527027027027027,0.9384615384615385,0.012272639200091362,0.007628429681062698,-1.9913990497589111,0.518743097782135,0.06948699057102203,0.029892245307564735
214,9434,uniform,-1.2952688847482206,35,1,0.42846888303756714,0.036957789212465286,1.0,-2.037627157876268,0.9527027027027027,0.9393939393939394,0.012288197875022888,0.009656313806772232,-1.6162607669830322,0.4278299808502197,0.02587091736495495,0.029892245307564735
215,9471,hard_negative_y,-1.8373454008996495,37,1,0.4722349941730499,0.038795579224824905,1.0,-2.0676146180201322,0.9530201342281879,0.9393939393939394,0.012297295033931732,0.009781287983059883,-1.474475622177124,0.45337891578674316,-0.18369968235492706,0.029894737526774406
216,9507,uniform,-1.4632142706215383,36,1,0.4579925537109375,0.0343039371073246,1.0,-1.9925206808075309,0.9530201342281879,0.9402985074626866,0.01230307761579752,0.0077853514812886715,-1.6750705242156982,0.4582478106021881,-0.13668978214263916,0.029895465821027756
217,9544,hard_negative_y,-1.818268339633942,37,1,0.4700876474380493,0.03439553454518318,1.0,-1.9833036284595735,0.9533333333333334,0.9402985074626866,0.012299006804823875,0.0050919740460813046,-1.5831471681594849,0.4665420353412628,-0.16496619582176208,0.029892245307564735
218,9580,uniform,-1.309889452457429,36,1,0.4295317530632019,0.0329822413623333,1.0,-1.918175202660263,0.9533333333333334,0.9411764705882353,0.01229035947471857,0.0052191512659192085,-1.342519998550415,0.42051780223846436,-0.05739821121096611,0.029892245307564735
219,9616,hard_negative_y,-1.7509810417890534,36,1,0.47799062728881836,0.038355786353349686,1.0,-1.8866239461228258,0.9536423841059603,0.9411764705882353,0.012287740595638752,0.007632459048181772,-1.74465012550354,0.48988452553749084,-0.16344515979290009,0.029892245307564735
220,9653,hard_negative_y,-2.010788500159979,37,1,0.498087614774704,0.039341263473033905,1.0,-1.89839511987567,0.9539473684210527,0.9411764705882353,0.012296702712774277,0.005956694483757019,-2.023505926132202,0.5129984021186829,-0.19324305653572083,0.029892245307564735
221,9696,uniform,-3.3157917606830605,43,1,0.5333917140960693,0.03960869833827019,1.0,-1.9732037501782185,0.9539473684210527,0.9420289855072463,0.012308564968407154,0.00683803204447031,-1.6262683868408203,0.5916907787322998,0.18814165890216827,0.029790109023451805
222,9736,hard_negative_y,-2.796323225423696,40,1,0.5198400616645813,0.03962048515677452,1.0,-1.990512552935631,0.954248366013072,0.9420289855072463,0.012317435815930367,0.004859677515923977,-1.9952491521835327,0.5846357941627502,-0.15761291980743408,0.029892245307564735
223,9774,uniform,-1.7368127161264422,38,1,0.456939160823822,0.03498615697026253,1.0,-1.9825834794081754,0.954248366013072,0.9428571428571428,0.012328248471021652,0.006035033613443375,-1.703028678894043,0.4480592608451843,-0.146174356341362,0.029892047867178917
224,9810,uniform,-1.362744223475456,36,1,0.42542415857315063,0.0334603451192379,1.0,-1.927376379791648,0.954248366013072,0.9436619718309859,0.012334739789366722,0.005545231979340315,-1.9022849798202515,0.41862478852272034,-0.014451752416789532,0.029892245307564735
225,9846,uniform,-1.3709514744579785,36,1,0.4396982789039612,0.032376933842897415,1.0,-1.930226422954351,0.954248366013072,0.9444444444444444,0.012320620007812977,0.005889615975320339,-1.5072187185287476,0.4511827826499939,-0.06504161655902863,0.029892245307564735
226,9883,hard_negative_y,-1.761497386842965,37,1,0.4608186185359955,0.03606369346380234,1.0,-1.875878430452198,0.9545454545454546,0.9444444444444444,0.012316924519836903,0.009247015230357647,-1.8682875633239746,0.4566628634929657,-0.14791925251483917,0.029895557090640068
227,9921,hard_negative_y,-2.5681543353199956,38,1,0.5088826417922974,0.039104580879211426,1.0,-1.8850502545349297,0.9548387096774194,0.9444444444444444,0.012316584587097168,0.0040657538920640945,-1.6055879592895508,0.5716988444328308,-0.1434757113456726,0.029892245307564735
228,9958,hard_negative_y,-1.8679473495483405,37,1,0.46981868147850037,0.0389256626367569,1.0,-1.8662170947156844,0.9551282051282052,0.9444444444444444,0.012311910279095173,0.006162927020341158,-1.5132935047149658,0.4586358666419983,-0.17180322110652924,0.029894357547163963
229,9995,hard_negative_y,-1.6375885973870759,37,1,0.4638148844242096,0.03549019247293472,1.0,-1.8542952915094795,0.9554140127388535,0.9444444444444444,0.012322400696575642,0.006616421043872833,-1.3510730266571045,0.4551103711128235,-0.15884390473365784,0.02989506907761097
230,10030,uniform,-1.3231164811551572,35,1,0.4465220272541046,0.03239100053906441,1.0,-1.827787668105215,0.9554140127388535,0.9452054794520548,0.01232032012194395,0.005113429389894009,-1.9734516143798828,0.4789261519908905,0.038844894617795944,0.029892245307564735
231,10067,hard_negative_y,-1.7180858445167546,37,1,0.461536169052124,0.03988301008939743,1.0,-1.8188907022811474,0.9556962025316456,0.9452054794520548,0.01232307031750679,0.005561362020671368,-1.457388162612915,0.452410489320755,-0.15524546802043915,0.029894929379224777
232,10105,hard_negative_y,-1.8894279207289228,38,1,0.47267651557922363,0.03458437696099281,1.0,-1.8174332291595643,0.9559748427672956,0.9452054794520548,0.01233948115259409,0.006044774316251278,-1.7895253896713257,0.45239001512527466,-0.18582993745803833,0.029894571751356125
233,10143,hard_negative_y,-1.9775441776216036,38,1,0.47421979904174805,0.03490380197763443,1.0,-1.840587069179863,0.95625,0.9452054794520548,0.01233779825270176,0.005742017179727554,-1.4713860750198364,0.4905877411365509,-0.1512151062488556,0.029892245307564735
234,10180,hard_negative_y,-1.8851720184087757,37,1,0.48113998770713806,0.038172051310539246,1.0,-1.8700822258628906,0.9565217391304348,0.9452054794520548,0.012331805191934109,0.004754994530230761,-1.7127091884613037,0.4898759722709656,-0.17244736850261688,0.029892245307564735
235,10217,hard_negative_y,-1.7966732937097536,37,1,0.4726223945617676,0.03559255599975586,1.0,-1.8680486205033957,0.9567901234567902,0.9452054794520548,0.012330964207649231,0.006883278489112854,-1.5936863422393799,0.46575960516929626,-0.17277851700782776,0.029892245307564735
236,10255,uniform,-2.0837504890561123,38,1,0.49507245421409607,0.03464886173605919,1.0,-1.8990754314251248,0.9567901234567902,0.9459459459459459,0.012331616133451462,0.00478785764425993,-1.7383582592010498,0.5436483025550842,0.144161194562912,0.029892245307564735
237,10293,hard_negative_y,-2.0969836039841177,38,1,0.4875842034816742,0.035224590450525284,1.0,-1.9130111946426331,0.9570552147239264,0.9459459459459459,0.012320361100137234,0.006471937522292137,-1.4686564207077026,0.49710631370544434,-0.18243972957134247,0.029892245307564735
238,10329,hard_negative_y,-1.7797112867236162,36,1,0.48384860157966614,0.038012560456991196,1.0,-1.936502286355943,0.9573170731707317,0.9459459459459459,0.012315627187490463,0.005882113706320524,-1.6379413604736328,0.5178035497665405,-0.14614535868167877,0.029892245307564735
239,10366,hard_negative_y,-1.9949888797104327,37,1,0.4927992522716522,0.038469236344099045,1.0,-1.9487026782520123,0.9575757575757575,0.9459459459459459,0.012310266494750977,0.00460174772888422,-2.0226566791534424,0.5197287797927856,-0.17112794518470764,0.029892245307564735
240,10403,hard_negative_y,-1.9068738314509384,37,1,0.4782775640487671,0.03976037725806236,1.0,-1.9435069448165596,0.9578313253012049,0.9459459459459459,0.012297072447836399,0.007294506765902042,-1.5220603942871094,0.45822015404701233,-0.19415104389190674,0.02989504113793373
241,10440,uniform,-1.5407391944527635,37,1,0.4278338849544525,0.03302418068051338,1.0,-1.8547543165050449,0.9578313253012049,0.9466666666666667,0.012280108407139778,0.0051866755820810795,-1.8343535661697388,0.4088815450668335,-0.06591552495956421,0.029892245307564735
242,10477,hard_negative_y,-1.8526697573065762,37,1,0.47086063027381897,0.03493993356823921,1.0,-1.8075716430991888,0.9580838323353293,0.9466666666666667,0.012261021882295609,0.009550714865326881,-1.6834840774536133,0.4493265450000763,-0.18388205766677856,0.029902534559369087
243,10515,uniform,-2.613088358491658,38,1,0.5132936835289001,0.03287096694111824,1.0,-1.8513854252174498,0.9580838323353293,0.9473684210526315,0.012240366078913212,0.004859032109379768,-1.4892023801803589,0.5728703737258911,0.1564372032880783,0.029892245307564735
244,10551,uniform,-1.5631694559752933,36,1,0.46252864599227905,0.03869511932134628,1.0,-1.8614066868424417,0.9580838323353293,0.948051948051948,0.012227439321577549,0.004854723811149597,-1.7066415548324585,0.4823913872241974,0.12188661098480225,0.029892245307564735
245,10588,hard_negative_y,-1.9356820836663244,37,1,0.48970741033554077,0.034421373158693314,1.0,-1.8896432173028586,0.9583333333333334,0.948051948051948,0.012222873978316784,0.005138666834682226,-1.6780917644500732,0.51725172996521,-0.16521097719669342,0.029892245307564735
246,10624,hard_negative_y,-1.7871888288855544,36,1,0.4810316562652588,0.0391390435397625,1.0,-1.8909277894049883,0.9585798816568047,0.948051948051948,0.012212632223963737,0.003744531190022826,-1.8216931819915771,0.4967331886291504,-0.16455723345279694,0.029892245307564735
247,10664,hard_negative_y,-2.8527647048234908,40,1,0.5219833850860596,0.03961163014173508,1.0,-1.905158307880163,0.9588235294117647,0.948051948051948,0.012195349670946598,0.0034284277353435755,-1.759162425994873,0.5833771228790283,-0.16664934158325195,0.029892245307564735
248,10703,hard_negative_y,-2.342475275099278,39,1,0.49888813495635986,0.035262543708086014,1.0,-1.92888470415771,0.9590643274853801,0.948051948051948,0.012174003757536411,0.005150778219103813,-1.497733235359192,0.5310469269752502,-0.17429856956005096,0.029892245307564735
249,10741,hard_negative_y,-2.2750549195706844,38,1,0.5036631226539612,0.038461677730083466,1.0,-1.9607580202668902,0.9593023255813954,0.948051948051948,0.012140774168074131,0.005511020310223103,-1.8221007585525513,0.5311241745948792,-0.18743672966957092,0.029892245307564735
250,10779,hard_negative_y,-2.2767258928716174,38,1,0.5027684569358826,0.034346722066402435,1.0,-2.0084384908527135,0.9595375722543352,0.948051948051948,0.012136803939938545,0.0036060421261936426,-1.379705548286438,0.5327211022377014,-0.18306776881217957,0.029892245307564735
251,10815,hard_negative_y,-1.497985733449462,36,1,0.45764073729515076,0.037290312349796295,1.0,-1.9974334852993487,0.9597701149425287,0.948051948051948,0.01212292816489935,0.006334742996841669,-1.8294856548309326,0.45423364639282227,-0.14100834727287292,0.029895180836319923
252,10850,uniform,-1.684212734848261,35,1,0.4719465374946594,0.036499932408332825,1.0,-1.9871727260053156,0.9597701149425287,0.9487179487179487,0.012111706659197807,0.0036562206223607063,-1.865504264831543,0.540282130241394,-0.0009898891439661384,0.029892245307564735
253,10887,hard_negative_y,-1.9463688759505757,37,1,0.48815059661865234,0.03624612092971802,1.0,-1.9856139609217642,0.96,0.9487179487179487,0.012099716812372208,0.004449622705578804,-1.580283522605896,0.5275182127952576,-0.1461171656847,0.029892245307564735
254,10924,hard_negative_y,-1.7985591565072543,37,1,0.48049575090408325,0.038675449788570404,1.0,-1.9812833178266878,0.9602272727272727,0.9487179487179487,0.012096060439944267,0.0042850179597735405,-1.5138782262802124,0.48803749680519104,-0.17259076237678528,0.029892245307564735
255,10961,hard_negative_y,-1.8199429604411108,37,1,0.47697094082832336,0.035726770758628845,1.0,-1.9824468011632557,0.96045197740113,0.9487179487179487,0.012096705846488476,0.0052285632118582726,-1.4802852869033813,0.47634291648864746,-0.17467044293880463,0.029892245307564735
256,10999,hard_negative_y,-2.290578493028879,38,1,0.4990421533584595,0.037324048578739166,1.0,-1.9927882013618945,0.9606741573033708,0.9487179487179487,0.012085221707820892,0.00496895145624876,-1.7714126110076904,0.5490332245826721,-0.14883321523666382,0.029892245307564735
257,11035,hard_negative_y,-1.7404599583148919,36,1,0.47948750853538513,0.03742394223809242,1.0,-1.9749620190784334,0.9608938547486033,0.9487179487179487,0.01207819301635027,0.005398747976869345,-1.80635404586792,0.4569191038608551,-0.1983933448791504,0.029895419254899025
258,11074,hard_negative_y,-2.5933485560119145,39,1,0.5161891579627991,0.03842684626579285,1.0,-2.015643882542848,0.9611111111111111,0.9487179487179487,0.01206190511584282,0.00566522404551506,-1.9720252752304077,0.557077944278717,-0.1886821687221527,0.029892245307564735
259,11113,hard_negative_y,-2.515445221662522,39,1,0.5136948823928833,0.03782866150140762,1.0,-2.0416666996404524,0.9613259668508287,0.9487179487179487,0.01204866636544466,0.006859496235847473,-2.057298183441162,0.547997236251831,-0.19362622499465942,0.029892245307564735
260,11150,uniform,-1.5712547598779212,37,1,0.4590262472629547,0.03338339552283287,1.0,-2.024885746061802,0.9613259668508287,0.9493670886075949,0.012036389671266079,0.006139226257801056,-1.8677902221679688,0.42589297890663147,0.16808651387691498,0.029892245307564735
261,11187,hard_negative_y,-1.9029856677353374,37,1,0.4777800440788269,0.03802108019590378,1.0,-2.0429980697259302,0.9615384615384616,0.9493670886075949,0.012022806331515312,0.004422699101269245,-1.723490595817566,0.4459444284439087,-0.20315605401992798,0.029894592240452766
262,11224,hard_negative_y,-1.8823934608697916,37,1,0.4842403531074524,0.03623984381556511,1.0,-2.0444842549040914,0.9617486338797814,0.9493670886075949,0.012018134817481041,0.004930067807435989,-1.7936006784439087,0.47137361764907837,-0.19787713885307312,0.029892245307564735
263,11261,hard_negative_y,-1.7569156375527415,37,1,0.4824630916118622,0.03403756022453308,1.0,-2.0016756188571456,0.9619565217391305,0.9493670886075949,0.012006925418972969,0.004107199143618345,-1.7681667804718018,0.4665878117084503,-0.19745251536369324,0.029892245307564735
264,11298,hard_negative_y,-2.09114786103368,37,1,0.4894527196884155,0.03765211999416351,1.0,-2.0280745391100647,0.9621621621621622,0.9493670886075949,0.011984297074377537,0.00505854282528162,-2.064216136932373,0.5278892517089844,-0.14986465871334076,0.029892245307564735
265,11340,hard_negative_y,-3.2339247119240486,42,1,0.5273701548576355,0.038679398596286774,1.0,-2.092986670522951,0.9623655913978495,0.9493670886075949,0.011952600441873074,0.004748953972011805,-1.7192447185516357,0.5816435217857361,-0.18541795015335083,0.029892245307564735
266,11378,hard_negative_y,-2.2574998575449,38,1,0.5051357746124268,0.03753599524497986,1.0,-2.116502221955918,0.9625668449197861,0.9493670886075949,0.011910499073565006,0.005736246705055237,-1.5858373641967773,0.5431467890739441,-0.1763092577457428,0.029892245307564735
267,11414,uniform,-1.4738288465142233,36,1,0.4321748912334442,0.03948773816227913,1.0,-2.0475554290404547,0.9625668449197861,0.95,0.011885824613273144,0.0029772999696433544,-1.2970051765441895,0.43725675344467163,-0.03863037750124931,0.029892245307564735
268,11451,hard_negative_y,-2.159603876024483,37,1,0.5037225484848022,0.03592219203710556,1.0,-2.038411859086715,0.9627659574468085,0.95,0.011856893077492714,0.003621305339038372,-1.7956297397613525,0.5298593044281006,-0.18909716606140137,0.029892245307564735
269,11489,hard_negative_y,-2.4848580172657986,38,1,0.5117679238319397,0.03979896381497383,1.0,-2.0489020139714706,0.9629629629629629,0.95,0.011821051128208637,0.005990865174680948,-1.7300817966461182,0.5521643757820129,-0.18300087749958038,0.029892245307564735
270,11528,hard_negative_y,-2.2148928175866596,39,1,0.48547860980033875,0.03897159919142723,1.0,-2.0458103602072226,0.9631578947368421,0.95,0.011799262836575508,0.003678706008940935,-1.8767222166061401,0.48813343048095703,-0.18591967225074768,0.029892245307564735
271,11564,uniform,-2.074915971904992,36,1,0.49282732605934143,0.03808768838644028,1.0,-2.0746568721299994,0.9631578947368421,0.9506172839506173,0.011792203411459923,0.003979470580816269,-1.7092032432556152,0.5595517754554749,-0.10385149717330933,0.029892245307564735
272,11601,hard_negative_y,-1.9163512724637997,37,1,0.48034346103668213,0.037951767444610596,1.0,-2.0862637990107764,0.9633507853403142,0.9506172839506173,0.011779183521866798,0.004442260134965181,-1.8937609195709229,0.4761546850204468,-0.18385328352451324,0.029892245307564735
273,11637,hard_negative_y,-1.734736791700123,36,1,0.47383180260658264,0.039890844374895096,1.0,-2.0756821947982536,0.9635416666666666,0.9506172839506173,0.011761828325688839,0.004013757687062025,-1.7603704929351807,0.48948314785957336,-0.15133574604988098,0.029892245307564735
274,11674,hard_negative_y,-2.062265477180482,37,1,0.49422982335090637,0.03650173917412758,1.0,-2.088867510831915,0.9637305699481865,0.9506172839506173,0.01173440646380186,0.0029663769528269768,-2.1593241691589355,0.5395227074623108,-0.14793340861797333,0.029892245307564735
275,11712,hard_negative_y,-2.289133649915456,38,1,0.5050777196884155,0.03914717584848404,1.0,-2.112327045305632,0.9639175257731959,0.9506172839506173,0.011707663536071777,0.0034811266232281923,-1.5334702730178833,0.5313946008682251,-0.19088797271251678,0.029892245307564735
276,11749,hard_negative_y,-2.053063906282187,37,1,0.493277370929718,0.03904915228486061,1.0,-2.100451315968298,0.9641025641025641,0.9506172839506173,0.01168227382004261,0.0033629736863076687,-1.5069667100906372,0.5085995197296143,-0.18538324534893036,0.029892245307564735
277,11786,uniform,-1.4949578194320203,37,1,0.4242382347583771,0.031689394265413284,1.0,-2.088176209024154,0.9641025641025641,0.9512195121951219,0.011690681800246239,0.0057038599625229836,-1.7468957901000977,0.4149869382381439,0.00014116281818132848,0.029892245307564735
278,11822,uniform,-1.3795525171607732,36,1,0.44534870982170105,0.0293388981372118,1.0,-2.0274864070815974,0.9641025641025641,0.9518072289156626,0.01168337557464838,0.005877804476767778,-2.038304090499878,0.4802117645740509,-0.004338363651186228,0.029892245307564735
279,11859,hard_negative_y,-1.7454938302934178,37,1,0.46644359827041626,0.03453889861702919,1.0,-1.9889888375131417,0.9642857142857143,0.9518072289156626,0.011670614592730999,0.004023649264127016,-1.5406568050384521,0.474918007850647,-0.1451159119606018,0.029892245307564735
280,11897,uniform,-2.70231734573841,38,1,0.5149282217025757,0.03141101449728012,1.0,-2.0455419668061663,0.9642857142857143,0.9523809523809523,0.011652959510684013,0.004878798499703407,-1.924525260925293,0.5990089178085327,0.10757390409708023,0.029892245307564735
281,11935,uniform,-1.9551562960445876,38,1,0.46891486644744873,0.03479641675949097,1.0,-2.0481504982216285,0.9642857142857143,0.9529411764705882,0.01162814162671566,0.003577866591513157,-1.751523494720459,0.4983927011489868,-0.12221438437700272,0.029892245307564735
282,11972,hard_negative_y,-2.0535552321374437,37,1,0.49673789739608765,0.03672531992197037,1.0,-2.0567085867850112,0.9644670050761421,0.9529411764705882,0.011609980836510658,0.003559946082532406,-1.8026123046875,0.5275520086288452,-0.17260612547397614,0.029892245307564735
283,12009,hard_negative_y,-1.7188075703382495,37,1,0.4736468493938446,0.03555809706449509,1.0,-2.054803183424286,0.9646464646464646,0.9529411764705882,0.011593942530453205,0.004061971791088581,-1.7185407876968384,0.4904222786426544,-0.14961175620555878,0.029892245307564735
284,12045,uniform,-1.3638530907779938,36,1,0.4412008225917816,0.028627486899495125,1.0,-2.018438444911502,0.9646464646464646,0.9534883720930233,0.011569664813578129,0.003514796495437622,-1.6179494857788086,0.4686662554740906,0.014401658438146114,0.029892245307564735
285,12082,hard_negative_y,-2.0092009747028348,37,1,0.4888695478439331,0.03613811731338501,1.0,-1.9572022580504416,0.964824120603015,0.9534883720930233,0.01155058667063713,0.0036551598459482193,-1.783848524093628,0.5049795508384705,-0.17743775248527527,0.029892245307564735
286,12122,hard_negative_y,-2.8273178987205014,40,1,0.5209932327270508,0.03702416643500328,1.0,-1.9856931601092218,0.965,0.9534883720930233,0.01153660099953413,0.0038390792906284332,-1.6231694221496582,0.5732365250587463,-0.17955870926380157,0.029892245307564735
287,12158,uniform,-1.6763926610350603,36,1,0.47535938024520874,0.03875584155321121,1.0,-1.9958213508352636,0.965,0.9540229885057471,0.011523251421749592,0.004907033406198025,-1.8194246292114258,0.4975196421146393,0.14613398909568787,0.029892245307564735
288,12195,hard_negative_y,-2.180065438300372,37,1,0.5039973855018616,0.036710672080516815,1.0,-1.9968444289490581,0.9651741293532339,0.9540229885057471,0.011512822471559048,0.0031659980304539204,-1.772883653640747,0.5249776840209961,-0.19541364908218384,0.029892245307564735
289,12232,hard_negative_y,-1.900553200691939,37,1,0.48450082540512085,0.03285146504640579,1.0,-1.9676291881203654,0.9653465346534653,0.9540229885057471,0.011495565064251423,0.003411433193832636,-1.678391695022583,0.5121755599975586,-0.1559838354587555,0.029892245307564735
290,12270,hard_negative_y,-2.0631933969259277,38,1,0.4925566017627716,0.032690998166799545,1.0,-1.9600442170873287,0.9655172413793104,0.9540229885057471,0.011484354734420776,0.003641297807916999,-2.0551276206970215,0.5081853866577148,-0.18391084671020508,0.029892245307564735
291,12307,uniform,-1.6634779778122883,37,1,0.45102450251579285,0.03909357637166977,1.0,-1.9394723173826933,0.9655172413793104,0.9545454545454546,0.01147488970309496,0.003150759730488062,-1.3207322359085083,0.4480964243412018,-0.12618008255958557,0.029894843697547913
292,12345,hard_negative_y,-2.067929465025662,38,1,0.48492658138275146,0.037518635392189026,1.0,-1.9470512270107865,0.9656862745098039,0.9545454545454546,0.01144191063940525,0.003956257365643978,-1.6879794597625732,0.485151082277298,-0.18735486268997192,0.029892245307564735
293,12381,hard_negative_y,-1.8808732289075838,36,1,0.49076345562934875,0.039199866354465485,1.0,-1.9543580488711598,0.9658536585365853,0.9545454545454546,0.011427831836044788,0.003711571916937828,-1.7742531299591064,0.5162897706031799,-0.16950997710227966,0.029892245307564735
294,12417,hard_negative_y,-1.851789819896223,36,1,0.48376911878585815,0.0383463129401207,1.0,-1.9438342660069465,0.9660194174757282,0.9545454545454546,0.011417074128985405,0.003368925768882036,-1.6604011058807373,0.5140990614891052,-0.15109439194202423,0.029892245307564735
295,12453,uniform,-2.1578730203211336,36,1,0.49557065963745117,0.037659335881471634,1.0,-1.9372712345272305,0.9660194174757282,0.9550561797752809,0.011412099935114384,0.0027223052456974983,-1.4562091827392578,0.5600823163986206,0.11501481384038925,0.029892245307564735
296,12492,hard_negative_y,-2.5798887825012224,39,1,0.5126920938491821,0.03407195582985878,1.0,-1.9636124783381823,0.966183574879227,0.9550561797752809,0.011397031135857105,0.0037989586126059294,-1.6896429061889648,0.5591142177581787,-0.17601241171360016,0.029892245307564735
297,12531,hard_negative_y,-2.641183362603189,39,1,0.5126895904541016,0.03581154718995094,1.0,-2.0209237554967405,0.9663461538461539,0.9550561797752809,0.011380109935998917,0.004365783184766769,-1.7685391902923584,0.5752409100532532,-0.1502891182899475,0.029892245307564735
298,12567,hard_negative_y,-1.6196158988773819,36,1,0.47696152329444885,0.03179927542805672,1.0,-2.032926924582571,0.9665071770334929,0.9550561797752809,0.011381124146282673,0.0030779100488871336,-1.7082178592681885,0.48672622442245483,-0.1639411449432373,0.029892245307564735
299,12604,uniform,-1.802878707796336,37,1,0.4797292947769165,0.03110065683722496,1.0,-2.0357961684577175,0.9665071770334929,0.9555555555555556,0.011369110085070133,0.0034676273353397846,-1.6598412990570068,0.48955604434013367,-0.16881801187992096,0.029892245307564735
300,12641,hard_negative_y,-1.7885202640295033,37,1,0.46619823575019836,0.035039547830820084,1.0,-1.990106314372272,0.9666666666666667,0.9555555555555556,0.011360135860741138,0.0037986100651323795,-1.559208631515503,0.45953840017318726,-0.1605629175901413,0.02989748679101467
301,12677,hard_negative_y,-1.716627642661333,36,1,0.4774499237537384,0.03459896519780159,1.0,-1.9781798817031089,0.966824644549763,0.9555555555555556,0.011355879716575146,0.003681738628074527,-2.024909019470215,0.4855625629425049,-0.1666124314069748,0.029892245307564735
302,12716,hard_negative_y,-2.6066382540762447,39,1,0.5118982195854187,0.03612465411424637,1.0,-2.005834032800049,0.9669811320754716,0.9555555555555556,0.011348922736942768,0.0032096952199935913,-1.7578094005584717,0.5580107569694519,-0.17527726292610168,0.029892245307564735
303,12754,hard_negative_y,-1.7965798880159856,38,1,0.4653419256210327,0.03274695202708244,1.0,-2.0097226486839355,0.9671361502347418,0.9555555555555556,0.011334759183228016,0.00405050627887249,-1.7640761137008667,0.46087321639060974,-0.15668772161006927,0.029892245307564735
304,12792,hard_negative_y,-2.399238404035569,38,1,0.5103858709335327,0.033847346901893616,1.0,-2.061491914346815,0.9672897196261683,0.9555555555555556,0.011323992162942886,0.0030593699775636196,-1.8814494609832764,0.5730765461921692,-0.1462404876947403,0.029892245307564735
305,12828,hard_negative_y,-1.617827001512051,36,1,0.46129849553108215,0.03840307518839836,1.0,-2.0419232156872753,0.9674418604651163,0.9555555555555556,0.01131289079785347,0.0030095605179667473,-2.031980037689209,0.46298739314079285,-0.14194796979427338,0.029892245307564735
306,12866,hard_negative_y,-2.3043802788853656,38,1,0.5112806558609009,0.034025855362415314,1.0,-2.015776334695519,0.9675925925925926,0.9555555555555556,0.01128578931093216,0.0035968248266726732,-1.825901985168457,0.5438840985298157,-0.19230693578720093,0.029892245307564735
307,12902,hard_negative_y,-1.9311901405453673,36,1,0.48873579502105713,0.03950031101703644,1.0,-2.028516208671035,0.967741935483871,0.9555555555555556,0.011268194764852524,0.003676802385598421,-1.9530479907989502,0.5116430521011353,-0.16932444274425507,0.029892245307564735
308,12940,hard_negative_y,-1.9488973015546796,38,1,0.45858800411224365,0.034361425787210464,1.0,-2.0169578018337493,0.9678899082568807,0.9555555555555556,0.011246905662119389,0.0033515715040266514,-1.4782452583312988,0.4530182480812073,-0.14555270969867706,0.029896046966314316
309,12978,hard_negative_y,-2.3460498587787137,38,1,0.505856454372406,0.03954196348786354,1.0,-2.0392326347380885,0.9680365296803652,0.9555555555555556,0.01123849954456091,0.003325775498524308,-1.5672447681427002,0.5463744401931763,-0.17400816082954407,0.029892245307564735
310,13017,hard_negative_y,-2.449771419316532,39,1,0.5107386112213135,0.035470735281705856,1.0,-2.0585615358576184,0.9681818181818181,0.9555555555555556,0.011222097091376781,0.0034457019064575434,-1.8076012134552002,0.5426235795021057,-0.19241514801979065,0.029892245307564735
311,13056,hard_negative_y,-2.4234052315354333,39,1,0.5005886554718018,0.035564012825489044,1.0,-2.0965578985437756,0.9683257918552036,0.9555555555555556,0.01121810544282198,0.0028809597715735435,-1.847792625427246,0.5543609261512756,-0.1452244520187378,0.029892245307564735
312,13093,hard_negative_y,-2.1728366479277614,37,1,0.5006546974182129,0.03835080564022064,1.0,-2.1018032576888803,0.9684684684684685,0.9555555555555556,0.011211245320737362,0.003578521776944399,-1.9029814004898071,0.5298043489456177,-0.18083396553993225,0.029892245307564735
313,13130,hard_negative_y,-1.7645195965468883,37,1,0.4673648476600647,0.03659006953239441,1.0,-2.095985576070846,0.968609865470852,0.9555555555555556,0.01120742317289114,0.0034214206971228123,-2.5030322074890137,0.46175089478492737,-0.16176211833953857,0.029892245307564735
314,13167,uniform,-2.603070444613695,37,1,0.5228754281997681,0.031082935631275177,1.0,-2.133549607306719,0.968609865470852,0.9560439560439561,0.011200494132936,0.003917407244443893,-1.7677340507507324,0.5667556524276733,0.19394518435001373,0.029892245307564735
315,13203,hard_negative_y,-1.9208490034937844,36,1,0.48627784848213196,0.03692742809653282,1.0,-2.1216984064653515,0.96875,0.9560439560439561,0.011205563321709633,0.003948207478970289,-2.0919747352600098,0.5186721086502075,-0.15280123054981232,0.029892245307564735
316,13240,hard_negative_y,-1.919730767607688,37,1,0.48832955956459045,0.03819714114069939,1.0,-2.088690505720675,0.9688888888888889,0.9560439560439561,0.011198287829756737,0.004272929858416319,-1.7991079092025757,0.4880743622779846,-0.19329719245433807,0.029892245307564735
317,13277,hard_negative_y,-1.7666256806254363,37,1,0.45827439427375793,0.03573228046298027,1.0,-2.0449626216217873,0.9690265486725663,0.9560439560439561,0.011182141490280628,0.0038754239212721586,-2.0985946655273438,0.45558011531829834,-0.14124321937561035,0.029895884916186333
318,13313,hard_negative_y,-1.6178573359549038,36,1,0.4649849832057953,0.039575979113578796,1.0,-2.0448746934756636,0.9691629955947136,0.9560439560439561,0.011177594773471355,0.003342911135405302,-1.7367061376571655,0.4524180591106415,-0.16525141894817352,0.02989487536251545
319,13351,hard_negative_y,-2.571141800135374,38,1,0.5127704739570618,0.03931069001555443,1.0,-2.0832878480926156,0.9692982456140351,0.9560439560439561,0.011166886426508427,0.002524101408198476,-2.1978681087493896,0.5713401436805725,-0.1573120653629303,0.029892245307564735
320,13387,hard_negative_y,-1.6214263965189462,36,1,0.4709353446960449,0.037512511014938354,1.0,-2.0749331547170877,0.9694323144104804,0.9560439560439561,0.0111677385866642,0.0034830993972718716,-1.696355938911438,0.4726139008998871,-0.16136136651039124,0.029892245307564735
321,13426,hard_negative_y,-2.2411010077595694,39,1,0.5069844126701355,0.03777128458023071,1.0,-2.1011568229719995,0.9695652173913043,0.9560439560439561,0.011153029277920723,0.002790768165141344,-1.4085502624511719,0.5293801426887512,-0.19816116988658905,0.029892245307564735
322,13463,hard_negative_y,-2.461152263879778,37,1,0.5071764588356018,0.03790340945124626,1.0,-2.0938825234621756,0.9696969696969697,0.9560439560439561,0.011160094290971756,0.0027345241978764534,-1.3385515213012695,0.5576202273368835,-0.16157393157482147,0.029892245307564735
323,13499,uniform,-1.4875093279778975,36,1,0.4488253891468048,0.032562967389822006,1.0,-2.0784289954602717,0.9696969696969697,0.9565217391304348,0.011153205297887325,0.004694196395576,-2.0451440811157227,0.4824584126472473,0.048418257385492325,0.029892245307564735
324,13535,hard_negative_y,-1.5815561340749236,36,1,0.46133318543434143,0.037167925387620926,1.0,-2.0375448819622393,0.9698275862068966,0.9565217391304348,0.011137554422020912,0.0028949864208698273,-1.8731157779693604,0.4517950415611267,-0.15542002022266388,0.029894061386585236
325,13573,hard_negative_y,-1.868212035596371,38,1,0.4648627042770386,0.03387278690934181,1.0,-2.0500641336664556,0.9699570815450643,0.9565217391304348,0.011129016987979412,0.0028503008652478456,-1.7663545608520508,0.46337586641311646,-0.1527380794286728,0.029892245307564735
326,13609,hard_negative_y,-1.856577990502121,36,1,0.48223087191581726,0.03910372033715248,1.0,-2.027674019247293,0.9700854700854701,0.9565217391304348,0.011118557304143906,0.002811287995427847,-2.10501766204834,0.476024329662323,-0.18884624540805817,0.029892245307564735
327,13648,hard_negative_y,-2.8854894074797626,39,1,0.5268329977989197,0.03619816526770592,1.0,-2.075388982594013,0.9702127659574468,0.9565217391304348,0.011114099062979221,0.0024067603517323732,-1.3845006227493286,0.5885767340660095,-0.173082172870636,0.029892245307564735
328,13684,hard_negative_y,-1.6280457845330254,36,1,0.46411439776420593,0.037768419831991196,1.0,-2.05934640674293,0.9703389830508474,0.9565217391304348,0.011097307316958904,0.0030436101369559765,-1.6760306358337402,0.4704218804836273,-0.14276114106178284,0.029892245307564735
329,13725,hard_negative_y,-3.1072048871219184,41,1,0.5319786071777344,0.037527747452259064,1.0,-2.0974041581600895,0.9704641350210971,0.9565217391304348,0.0110724326223135,0.0029661967419087887,-2.0563249588012695,0.5816993713378906,-0.19806842505931854,0.029892245307564735
330,13761,uniform,-1.467487941533327,36,1,0.43743473291397095,0.029294569045305252,1.0,-2.04828998427093,0.9704641350210971,0.956989247311828,0.011049220338463783,0.00262625003233552,-1.6503944396972656,0.45214754343032837,0.04433836415410042,0.029892245307564735
331,13796,uniform,-1.475783794671294,35,1,0.4560922086238861,0.038880396634340286,1.0,-2.0009089124277235,0.9704641350210971,0.9574468085106383,0.0110409464687109,0.0029612008947879076,-1.647756814956665,0.49022534489631653,0.07832390815019608,0.029892245307564735
332,13833,hard_negative_y,-1.9566557726263998,37,1,0.48970553278923035,0.03390827775001526,1.0,-1.990099868662655,0.9705882352941176,0.9574468085106383,0.011043553240597248,0.004973301198333502,-2.285585403442383,0.49161913990974426,-0.19342540204524994,0.029892245307564735
333,13872,hard_negative_y,-2.5149318973720076,39,1,0.508044958114624,0.0356542207300663,1.0,-2.0276204837039113,0.9707112970711297,0.9574468085106383,0.011036945506930351,0.002464987337589264,-1.8562769889831543,0.5346616506576538,-0.1948528289794922,0.029892245307564735
334,13909,hard_negative_y,-1.8096710540354248,37,1,0.46376296877861023,0.039376795291900635,1.0,-1.9879505141749978,0.9708333333333333,0.9574468085106383,0.01103911455720663,0.002408205531537533,-1.5045758485794067,0.4530300498008728,-0.16110292077064514,0.029895400628447533
335,13946,hard_negative_y,-2.2371155612170694,37,1,0.4984167814254761,0.03831866756081581,1.0,-2.003763842061162,0.970954356846473,0.9574468085106383,0.011038513854146004,0.0030138608999550343,-1.5035204887390137,0.5472097396850586,-0.1496892124414444,0.029892245307564735
336,13981,uniform,-1.3363812941312787,35,1,0.4373513162136078,0.036788735538721085,1.0,-1.9745963683873413,0.970954356846473,0.9578947368421052,0.011024968698620796,0.003463567467406392,-1.5708436965942383,0.44878458976745605,0.053457774221897125,0.029892245307564735
337,14017,hard_negative_y,-1.7949925014376618,36,1,0.48170992732048035,0.039003971964120865,1.0,-1.9760147094279525,0.9710743801652892,0.9578947368421052,0.011015436612069607,0.002252548700198531,-1.7078733444213867,0.46867597103118896,-0.19388282299041748,0.029892245307564735
338,14056,hard_negative_y,-2.7006598754227165,39,1,0.5125800371170044,0.03622296452522278,1.0,-2.0301548364013433,0.9711934156378601,0.9578947368421052,0.011015946045517921,0.002531592035666108,-1.524595022201538,0.5705218315124512,-0.1580623835325241,0.029892245307564735
339,14092,hard_negative_y,-1.601129404753448,36,1,0.45727357268333435,0.03836002200841904,1.0,-1.981654216632247,0.9713114754098361,0.9578947368421052,0.01101598795503378,0.002418471733108163,-1.4756702184677124,0.4527395963668823,-0.14154663681983948,0.029894795268774033
340,14128,uniform,-1.6818533267080795,36,1,0.4672040343284607,0.038280487060546875,1.0,-1.9846755631417037,0.9713114754098361,0.9583333333333334,0.011008284986019135,0.0027551334351301193,-1.5731945037841797,0.47200894355773926,-0.15078790485858917,0.029892245307564735
341,14165,hard_negative_y,-1.9729429131746272,37,1,0.47869640588760376,0.037238094955682755,1.0,-1.9712676584124569,0.9714285714285714,0.9583333333333334,0.010991636663675308,0.0030131726525723934,-1.435828685760498,0.479604035615921,-0.17619232833385468,0.029892245307564735
342,14201,uniform,-1.895271097868684,36,1,0.4957086145877838,0.03293526545166969,1.0,-1.9429736001119022,0.9714285714285714,0.9587628865979382,0.010977284982800484,0.002528129145503044,-1.721034049987793,0.5366513729095459,0.1570831835269928,0.029892245307564735
343,14237,hard_negative_y,-1.7726716221868992,36,1,0.4780861437320709,0.03879096731543541,1.0,-1.957231714822352,0.9715447154471545,0.9587628865979382,0.010984553024172783,0.002799194771796465,-1.7611843347549438,0.5007085204124451,-0.1507641226053238,0.029892245307564735
344,14274,hard_negative_y,-1.7171931718289875,37,1,0.4672039747238159,0.03855990618467331,1.0,-1.9640135667100551,0.97165991902834,0.9587628865979382,0.010960407555103302,0.002923722844570875,-1.9576878547668457,0.45432472229003906,-0.16937099397182465,0.02989385649561882
345,14310,uniform,-1.5936076006293298,36,1,0.42940548062324524,0.0330236554145813,1.0,-1.950283344961703,0.97165991902834,0.9591836734693877,0.010954455472528934,0.0027693272568285465,-1.5903667211532593,0.4316611588001251,-0.023074429482221603,0.029892245307564735
346,14348,hard_negative_y,-2.3951911818981175,38,1,0.506175696849823,0.03535165265202522,1.0,-1.977214004531503,0.9717741935483871,0.9591836734693877,0.010954048484563828,0.0032136039808392525,-1.791392207145691,0.5414511561393738,-0.18147878348827362,0.029892245307564735
347,14387,hard_negative_y,-2.855482169389724,39,1,0.5241363048553467,0.032013606280088425,1.0,-1.9757136426270008,0.9718875502008032,0.9591836734693877,0.010944321751594543,0.0022368761710822582,-1.8282808065414429,0.5666886568069458,-0.19740749895572662,0.029892245307564735
348,14424,hard_negative_y,-1.7739775983989237,37,1,0.47062715888023376,0.03944775462150574,1.0,-1.983010233320296,0.972,0.9591836734693877,0.010942165739834309,0.003147539682686329,-1.619899034500122,0.4597228765487671,-0.17280369997024536,0.029898034408688545
349,14461,hard_negative_y,-1.7717825438082224,37,1,0.479007363319397,0.032597027719020844,1.0,-1.916239116154611,0.9721115537848606,0.9591836734693877,0.010943293571472168,0.0031107189133763313,-1.8233296871185303,0.46454909443855286,-0.19055543839931488,0.029892245307564735
350,14497,uniform,-1.5291317260265354,36,1,0.44994014501571655,0.03460937738418579,1.0,-1.919321305379271,0.9721115537848606,0.9595959595959596,0.010943862609565258,0.002245886716991663,-1.8659048080444336,0.4596211612224579,-0.10415767878293991,0.029895637184381485
351,14533,hard_negative_y,-1.8125591593980808,36,1,0.48388561606407166,0.03764519840478897,1.0,-1.9361600736156106,0.9722222222222222,0.9595959595959596,0.010934561491012573,0.002334351185709238,-1.5844128131866455,0.5118394494056702,-0.1545088142156601,0.029892245307564735
352,14572,uniform,-2.6270553089678286,39,1,0.5100517868995667,0.0395134836435318,1.0,-1.9696800504326823,0.9722222222222222,0.96,0.010921680368483067,0.002774974098429084,-1.5751383304595947,0.5780721306800842,-0.13550721108913422,0.029892245307564735
353,14610,hard_negative_y,-2.4228520306944867,38,1,0.5111463665962219,0.034001629799604416,1.0,-1.9650760570988062,0.9723320158102767,0.96,0.010909146629273891,0.002387566026300192,-1.9776206016540527,0.5398533344268799,-0.196819469332695,0.029892245307564735
354,14647,hard_negative_y,-1.9561511252820507,37,1,0.49440234899520874,0.03501284867525101,1.0,-1.972400060661137,0.9724409448818898,0.96,0.01090610958635807,0.002832838101312518,-1.735040545463562,0.5278580188751221,-0.16535703837871552,0.029892245307564735
355,14685,hard_negative_y,-2.474761715233326,38,1,0.5132873058319092,0.036836471408605576,1.0,-1.9842823683619504,0.9725490196078431,0.96,0.010904227383434772,0.002645051572471857,-2.030748128890991,0.5580041408538818,-0.17930275201797485,0.029892245307564735
356,14722,uniform,-1.750087725371123,37,1,0.45286035537719727,0.036870479583740234,1.0,-2.0049676899239426,0.9725490196078431,0.9603960396039604,0.010891126468777657,0.0027092783711850643,-1.885838270187378,0.4454866349697113,-0.13598684966564178,0.029896605759859085
357,14759,hard_negative_y,-2.02074185848236,37,1,0.4950835406780243,0.03786611184477806,1.0,-2.0162551577761776,0.97265625,0.9603960396039604,0.010879069566726685,0.0025937233585864305,-1.8076584339141846,0.533570408821106,-0.1595660001039505,0.029892245307564735
358,14798,hard_negative_y,-2.818036306351421,39,1,0.52397620677948,0.0333438403904438,1.0,-2.022123979322613,0.9727626459143969,0.9603960396039604,0.010877222754061222,0.0033519421704113483,-2.306957960128784,0.5652779936790466,-0.19882789254188538,0.029892245307564735
359,14836,uniform,-2.5927114433050154,38,1,0.5054029822349548,0.037464920431375504,1.0,-2.0717030812501913,0.9727626459143969,0.9607843137254902,0.010868937708437443,0.0020340499468147755,-1.8159935474395752,0.5667826533317566,-0.14012199640274048,0.029892245307564735
360,14871,uniform,-1.341986866891383,35,1,0.45627641677856445,0.03586971014738083,1.0,-2.054709758259356,0.9727626459143969,0.9611650485436893,0.010858649387955666,0.002224007621407509,-2.146116256713867,0.4705538749694824,0.11455821245908737,0.029892245307564735
361,14907,hard_negative_y,-1.8903626529872417,36,1,0.4808235764503479,0.03965340182185173,1.0,-2.050580745249987,0.9728682170542635,0.9611650485436893,0.010850864462554455,0.0024975857231765985,-1.7804144620895386,0.5088258385658264,-0.1488100290298462,0.029892245307564735
362,14944,uniform,-1.8674033831059935,37,1,0.47361865639686584,0.037972815334796906,1.0,-2.049187359511852,0.9728682170542635,0.9615384615384616,0.01084198523312807,0.003228050423786044,-1.8103115558624268,0.47827935218811035,-0.1632899045944214,0.029892245307564735
363,14979,uniform,-1.816861936151982,35,1,0.4804690182209015,0.038770753890275955,1.0,-2.0513968752101066,0.9728682170542635,0.9619047619047619,0.01084236241877079,0.002502521499991417,-1.9242515563964844,0.5441668033599854,-0.07931296527385712,0.029892245307564735
364,15000,hard_negative_y,-6.325453864336014,21,0,0.5045753717422485,0.21623799204826355,0.95,-2.2818099098354576,0.9691119691119691,0.9619047619047619,0.01084472518414259,0.002730253618210554,-1.5646597146987915,0.5507429242134094,-0.16393329203128815,0.029892245307564735
