source_episode,object_x,object_y,policy,dx,dy,dz,pregrasp_success,pregrasp_distance,grasp_success,alignment_error,descent_error,descent_residual_x,descent_residual_y,descent_residual_z,lift_tracking_error,object_lift,object_xy_motion,hand_object_distance
14,0.4063156247138977,-0.0965389907360076,original,-0.005,-0.005,0.0,1,0.039500731974840164,0,0.008048505040539588,0.022313078540907562,-0.0007601130008697554,-0.00663304060697556,-0.021290807276964197,0.012661716092112994,1.590326428413391e-05,0.002589695259625133,0.322069860502109
27,0.4140132665634155,-0.096694678068161,original,-0.005,-0.005,0.0,1,0.038622889667749405,0,0.007895196353337422,0.02234227643877339,-0.0011770176887512251,-0.006550063490867619,-0.021328117921948442,0.01267687527055325,3.935582935810089e-05,0.002383913698912598,0.3221018828794225
28,0.4204081296920776,-0.1092793270945549,targeted,-0.005,-0.005,0.0,1,0.03632752597332001,0,0.00589655350719263,0.021745034066800766,0.0009691965579986528,-0.004768242239952092,-0.021193655431270608,0.012352423647375273,4.822760820388794e-05,0.0026107253956843576,0.32193460602171653
29,0.4126269817352295,-0.1127190440893173,targeted,-0.005,-0.005,0.0,1,0.03791622444987297,0,0.0058907740966823875,0.021630196237258845,0.0011967968940734819,-0.004953225255012517,-0.021021384969353685,0.012319483230545488,1.837126910686493e-05,0.002137134597889585,0.32187681072664315
32,0.4252530634403229,-0.1087189391255378,targeted,-0.005,-0.005,0.0,1,0.03552308306097984,0,0.005994389684250416,0.021796157187253452,0.0008304071426391557,-0.00466949969530106,-0.02127389632165433,0.012371580221447931,1.1935830116271973e-05,0.00213871121370527,0.3219943596519992
67,0.4106421172618866,-0.1034040749073028,targeted,-0.005,-0.005,0.0,1,0.037347082048654556,0,0.005691891872190925,0.021598931744301678,0.0013486397266387895,-0.005051684677600865,-0.020956514626741418,0.012297443651435761,7.119216024875641e-05,0.0021255231572717007,0.32175468947186886
14,0.4063156247138977,-0.0965389907360076,original,-0.005,-0.005,0.005,1,0.039500731974840164,0,0.008048505040539588,0.01824074314884131,-0.0007043528556823775,-0.0064497712254524275,-0.01704784587025643,0.012699180144414467,9.480863809585571e-06,0.002372451098298712,0.3227619367765979
27,0.4140132665634155,-0.096694678068161,original,-0.005,-0.005,0.005,1,0.038622889667749405,0,0.007895196353337422,0.018283388438608293,-0.0011012601852417037,-0.006384712755680089,-0.017096928432583813,0.012713415908875937,3.6617740988731384e-05,0.0026501957968017888,0.3228019182080274
28,0.4204081296920776,-0.1092793270945549,targeted,-0.005,-0.005,0.005,1,0.03632752597332001,0,0.00589655350719263,0.017117462143416837,0.0009475302696227983,-0.004560356140136723,-0.016471576988697056,0.01237978562397037,-3.3229589462280273e-06,0.0023534108210024616,0.32250462466271024
29,0.4126269817352295,-0.1127190440893173,targeted,-0.005,-0.005,0.005,1,0.03791622444987297,0,0.0058907740966823875,0.01692872851131791,0.0012034130096435502,-0.004797739088535313,-0.016189976707100873,0.012345925085833464,1.1548399925231934e-07,0.0020933505665647117,0.32237137762125373
32,0.4252530634403229,-0.1087189391255378,targeted,-0.005,-0.005,0.005,1,0.03552308306097984,0,0.005994389684250416,0.017207441505214353,0.0008028995990753129,-0.0044338527321815535,-0.016606996878981595,0.012401130577866924,-7.860362529754639e-07,0.0017456566353223238,0.32254804343741783
67,0.4106421172618866,-0.1034040749073028,targeted,-0.005,-0.005,0.005,1,0.037347082048654556,0,0.005691891872190925,0.01689665939294763,0.0013722729682922319,-0.004909833073616032,-0.01610923662781716,0.01232477771751276,-2.3301690816879272e-06,0.0020377657816463275,0.3223131278683458
14,0.4063156247138977,-0.0965389907360076,original,-0.005,-0.005,0.01,1,0.039500731974840164,0,0.008048505040539588,0.014123165433939905,-0.0006217706203460738,-0.00617847323417664,-0.012684781104326248,0.012735906900262339,-3.028661012649536e-06,0.0022130613644068264,0.323414144306148
27,0.4140132665634155,-0.096694678068161,original,-0.005,-0.005,0.01,1,0.038622889667749405,0,0.007895196353337422,0.0142784533297259,-0.0010069060325622603,-0.006095913350582127,-0.01287245936691761,0.01275759698019967,1.163966953754425e-05,0.002606302003295725,0.32353551670329894
28,0.4204081296920776,-0.1092793270945549,targeted,-0.005,-0.005,0.01,1,0.03632752597332001,0,0.00589655350719263,0.012356528441242104,0.0010141384601592973,-0.00465375661849976,-0.011401660740375519,0.012395197166944408,-3.3229589462280273e-06,0.002136179951438827,0.3227838585680362
29,0.4126269817352295,-0.1127190440893173,targeted,-0.005,-0.005,0.01,1,0.03791622444987297,0,0.0058907740966823875,0.012193716249429686,0.0012979459762573198,-0.004961413443088536,-0.01106283999979496,0.012358613129151956,1.1548399925231934e-07,0.002052799620012084,0.32265693530271833
32,0.4252530634403229,-0.1087189391255378,targeted,-0.005,-0.005,0.01,1,0.03552308306097984,0,0.005994389684250416,0.012462229780587196,0.0008490335941314653,-0.004487511813640599,-0.011595195159316063,0.01241702853199797,-5.153939127922058e-06,0.0012781041903105644,0.32283795693756345
67,0.4106421172618866,-0.1034040749073028,targeted,-0.005,-0.005,0.01,1,0.037347082048654556,0,0.005691891872190925,0.012195834244773182,0.0014925849437713579,-0.005076204538345341,-0.010988298803567886,0.012337622119143162,-2.3301690816879272e-06,0.0018829206699061986,0.32258204621885683
14,0.4063156247138977,-0.0965389907360076,original,-0.005,0.0,0.0,1,0.039500731974840164,0,0.008048505040539588,0.021967924214171434,-0.0012029755115509078,-0.005547940731048584,-0.021221755295991906,0.012617305279574009,-3.028661012649536e-06,0.010580994273920011,0.32199712998646296
27,0.4140132665634155,-0.096694678068161,original,-0.005,0.0,0.0,1,0.038622889667749405,0,0.007895196353337422,0.02200325577574533,-0.0015906143188476607,-0.005464181303977966,-0.021254550889134416,0.012638390225590124,-3.0174851417541504e-06,0.012626959808623413,0.3220986204053277
28,0.4204081296920776,-0.1092793270945549,targeted,-0.005,0.0,0.0,1,0.03632752597332001,0,0.00589655350719263,0.02159343021857912,0.0010038268566131547,-0.004167124629020691,-0.021163733899593362,0.012339606877148327,-3.3229589462280273e-06,0.009117144494210506,0.32189688760014434
29,0.4126269817352295,-0.1127190440893173,targeted,-0.005,0.0,0.0,1,0.03791622444987297,0,0.0058907740966823875,0.02147392033718926,0.001210863590240474,-0.004331424832344055,-0.02099766232073308,0.01228340559026565,1.1548399925231934e-07,0.007277428615001345,0.3217760567690563
32,0.4252530634403229,-0.1087189391255378,targeted,-0.005,0.0,0.0,1,0.03552308306097984,0,0.005994389684250416,0.02164089574076368,0.0008766901493072465,-0.0040806978940963745,-0.02123458705842496,0.01236968157291242,-5.153939127922058e-06,0.010640080786798452,0.3219395617098155
67,0.4106421172618866,-0.1034040749073028,targeted,-0.005,0.0,0.0,1,0.037347082048654556,0,0.005691891872190925,0.021444501746879965,0.0013438415527343706,-0.004404440522193909,-0.02094425097107888,0.012257782123151538,-2.3301690816879272e-06,0.00910419829302902,0.32176600999431265
14,0.4063156247138977,-0.0965389907360076,original,-0.005,0.0,0.005,1,0.039500731974840164,0,0.008048505040539588,0.01779453463153666,-0.0012414205074310347,-0.00536007434129715,-0.016922586709260945,0.01265365581569284,-3.028661012649536e-06,0.008757903290413977,0.3226917080646324
27,0.4140132665634155,-0.096694678068161,original,-0.005,0.0,0.005,1,0.038622889667749405,0,0.007895196353337422,0.017904938127237043,-0.0016254532337188765,-0.005291089415550232,-0.017027891352772717,0.012672164638600228,-3.0174851417541504e-06,0.01080684664841377,0.3227900955461453
28,0.4204081296920776,-0.1092793270945549,targeted,-0.005,0.0,0.005,1,0.037421174347400665,0,0.006082198098574706,0.016959502503912063,0.0009547126293182329,-0.0040016621351242065,-0.016452961713075642,0.012366341572168234,-5.150213837623596e-06,0.008652987492372253,0.32250344281894044
29,0.4126269817352295,-0.1127190440893173,targeted,-0.005,0.0,0.005,1,0.03791622444987297,0,0.0058907740966823875,0.016778039521992753,0.0012578022480010942,-0.0041896626353263855,-0.01619775511324406,0.012306224876330304,1.1548399925231934e-07,0.0055843363971935355,0.32233352186442854
32,0.4252530634403229,-0.1087189391255378,targeted,-0.005,0.0,0.005,1,0.03552308306097984,0,0.005994389684250416,0.01705868084920567,0.0008809816837310747,-0.0038918256759643555,-0.016585419997572903,0.012392725497662993,-5.153939127922058e-06,0.008981281107362881,0.3225209077254809
67,0.4106421172618866,-0.1034040749073028,targeted,-0.005,0.0,0.005,1,0.03826608881354332,0,0.005846461016414393,0.016561509742757198,0.001091058254241939,-0.004293106496334076,-0.01595814630389214,0.012266611335508328,-9.713694453239441e-06,0.005035962189775953,0.3220995864243074
14,0.4063156247138977,-0.0965389907360076,original,-0.005,0.0,0.01,1,0.039500731974840164,0,0.008048505040539588,0.013700729399781557,-0.0012394237518310591,-0.005144283175468445,-0.012637648731470108,0.012685306591597318,-3.028661012649536e-06,0.006530159972941041,0.32335085184107876
27,0.4140132665634155,-0.096694678068161,original,-0.005,0.0,0.01,1,0.038622889667749405,0,0.007895196353337422,0.013768292224033092,-0.001623456478118901,-0.005079157650470734,-0.012693794444203377,0.012707645093974113,-3.0174851417541504e-06,0.0069439367234349235,0.3234621488285681
28,0.4204081296920776,-0.1092793270945549,targeted,-0.005,0.0,0.01,1,0.03632752597332001,0,0.00589655350719263,0.012212674296761093,0.0011251223087310747,-0.004145815968513489,-0.0114322230219841,0.012372525516772847,-3.3229589462280273e-06,0.006257584387834288,0.3228100901754048
29,0.4126269817352295,-0.1127190440893173,targeted,-0.005,0.0,0.01,1,0.03791622444987297,0,0.0058907740966823875,0.012042029787958285,0.0014111351966857866,-0.004375152289867401,-0.011130014434456825,0.012317738047935772,1.1548399925231934e-07,0.0030045339702337386,0.3226390371842493
32,0.4252530634403229,-0.1087189391255378,targeted,-0.005,0.0,0.01,1,0.03552308306097984,0,0.005994389684250416,0.01232554088965986,0.000961447954177852,-0.004007026553153992,-0.011616295203566551,0.012406162480625602,-5.153939127922058e-06,0.00690109929310078,0.32291723380496146
67,0.4106421172618866,-0.1034040749073028,targeted,-0.005,0.0,0.01,1,0.037347082048654556,0,0.005691891872190925,0.012020084690166813,0.0015970122814178422,-0.0043930187821388245,-0.011073995381593704,0.01228976269155955,-2.3301690816879272e-06,0.004777556412796457,0.3225826366618816
14,0.4063156247138977,-0.0965389907360076,original,-0.005,0.005,0.0,1,0.039500731974840164,0,0.008048505040539588,0.02161669276228018,-0.0015973496437072798,-0.004371772408485408,-0.02110965386033059,0.012516417344990321,-3.028661012649536e-06,0.021641238796045754,0.3220886635738553
27,0.4140132665634155,-0.096694678068161,original,-0.005,0.005,0.0,1,0.038622889667749405,0,0.007895196353337422,0.02170727048315489,-0.002044920921325688,-0.004318619966506954,-0.02117482967674733,0.012535857416788677,-3.0174851417541504e-06,0.02174293298049441,0.3221681567149147
28,0.4204081296920776,-0.1092793270945549,targeted,-0.005,0.005,0.0,1,0.03632752597332001,0,0.00589655350719263,0.021457724754211385,0.0010266554355621293,-0.003503310382366176,-0.02114489883184434,0.012390711282871282,-3.3229589462280273e-06,0.022644029449439395,0.3220624553481419
29,0.4126269817352295,-0.1127190440893173,targeted,-0.005,0.005,0.0,1,0.03543735668063164,0,0.005427428710543057,0.02125807434986006,0.0011686336994171098,-0.0036303204298019365,-0.020913172736763963,0.012303613279851478,0.0,0.01901725488454952,0.32184243779624905
32,0.4252530634403229,-0.1087189391255378,targeted,-0.005,0.005,0.0,1,0.037261828780174255,0,0.006269987765545408,0.02148063578932265,0.0007924687862396196,-0.003418701589107509,-0.02119203120470048,0.012431244741992904,-6.893649697303772e-06,0.020829965672732875,0.3219304664596993
67,0.4106421172618866,-0.1034040749073028,targeted,-0.005,0.005,0.0,1,0.037347082048654556,0,0.005691891872190925,0.02131983394397331,0.001324827671051021,-0.0037262615561485246,-0.02094982400536538,0.012297107604970395,-2.3301690816879272e-06,0.0212095910785547,0.3218792411589811
14,0.4063156247138977,-0.0965389907360076,original,-0.005,0.005,0.005,1,0.039500731974840164,0,0.008048505040539588,0.017370358992319625,-0.0016431856155395552,-0.004187780320644374,-0.016777717620134358,0.012547787112026755,-3.028661012649536e-06,0.019949886840113666,0.3227176349307909
27,0.4140132665634155,-0.096694678068161,original,-0.005,0.005,0.005,1,0.038622889667749405,0,0.007895196353337422,0.017574666143405252,-0.002084438800811772,-0.004175710380077358,-0.016943655088543896,0.012564665539170504,-3.0174851417541504e-06,0.019885084337481266,0.32283604892204637
28,0.4204081296920776,-0.1092793270945549,targeted,-0.005,0.005,0.005,1,0.03632752597332001,0,0.00589655350719263,0.016818788892211202,0.0010894489288330034,-0.0033194896578788713,-0.01645192235708237,0.012409653719045803,-3.3229589462280273e-06,0.021181081544547183,0.3226459607969896
29,0.4126269817352295,-0.1127190440893173,targeted,-0.005,0.005,0.005,1,0.03791622444987297,0,0.0058907740966823875,0.016646593727625354,0.0013039362430572465,-0.003509002625942226,-0.016220226064324383,0.012340430753351816,1.1548399925231934e-07,0.019228739574186453,0.32243031243719056
32,0.4252530634403229,-0.1087189391255378,targeted,-0.005,0.005,0.005,1,0.03552308306097984,0,0.005994389684250416,0.01690785983857647,0.0009702992439269975,-0.0032180127501487688,-0.0165704145282507,0.012446938044012094,-5.153939127922058e-06,0.021693675676902016,0.32270820015348045
67,0.4106421172618866,-0.1034040749073028,targeted,-0.005,0.005,0.005,1,0.037347082048654556,0,0.005691891872190925,0.016620781461916576,0.0014318180084228471,-0.003552521467208858,-0.016173430830240254,0.012309194197138358,-2.3301690816879272e-06,0.018738166725946515,0.32239122096752326
14,0.4063156247138977,-0.0965389907360076,original,-0.005,0.005,0.01,1,0.039500731974840164,0,0.008048505040539588,0.013306631149155349,-0.0016650307178497359,-0.0040041607618331865,-0.012580174952745438,0.012578815477866783,-3.032386302947998e-06,0.0166503415461852,0.32335345894869716
27,0.4140132665634155,-0.096694678068161,original,-0.005,0.005,0.01,1,0.038622889667749405,0,0.007895196353337422,0.01340789469617646,-0.0020779418945312544,-0.003979439735412593,-0.012633996084332466,0.012595599217873643,-3.0174851417541504e-06,0.01833222614982576,0.32350099194992643
28,0.4204081296920776,-0.1092793270945549,targeted,-0.005,0.005,0.01,1,0.03632752597332001,0,0.00589655350719263,0.012044854352644766,0.0012655210494995073,-0.0034094554185867265,-0.011482708156108856,0.012414215854512587,-3.3229589462280273e-06,0.018714879427909194,0.3230182963782031
29,0.4126269817352295,-0.1127190440893173,targeted,-0.005,0.005,0.01,1,0.03791622444987297,0,0.0058907740966823875,0.01188299131195146,0.00152799010276794,-0.0036200311779975847,-0.011214548721909523,0.012343806442522831,1.1548399925231934e-07,0.01884663756197377,0.3228071655524777
32,0.4252530634403229,-0.1087189391255378,targeted,-0.005,0.005,0.01,1,0.03552308306097984,0,0.005994389684250416,0.01215233647193827,0.0011115324497222856,-0.0032869753241538957,-0.011646440252661705,0.012453289919930095,-5.153939127922058e-06,0.019994579599075694,0.3231251472763388
67,0.4106421172618866,-0.1034040749073028,targeted,-0.005,0.005,0.01,1,0.037347082048654556,0,0.005691891872190925,0.011875136302378882,0.001683200597763057,-0.0036186006665229753,-0.01118442788720131,0.012312477388401374,-2.339482307434082e-06,0.016431749706729896,0.3227473829574115
14,0.4063156247138977,-0.0965389907360076,original,0.0,-0.005,0.0,1,0.03977341577410698,0,0.008079886872423421,0.022425026299038753,0.0025906264781951904,-0.006667290925979619,-0.021253651231527337,0.012652692938599018,5.239807069301605e-05,0.0025454720573291323,0.3220448086979799
27,0.4140132665634155,-0.096694678068161,original,0.0,-0.005,0.0,1,0.038622889667749405,0,0.007895196353337422,0.02245189534644494,0.0024629533290863037,-0.006566641032695775,-0.021328401044011125,0.01266924112986282,-5.509704351425171e-06,0.002296635351517072,0.3221787988367841
28,0.4204081296920776,-0.1092793270945549,targeted,0.0,-0.005,0.0,1,0.03632752597332001,0,0.00589655350719263,0.02179030558071394,0.001986175775527954,-0.004682217836380009,-0.021188425123691568,0.01237765287227024,4.466809332370758e-05,0.0027251406514420947,0.32182309417349575
29,0.4126269817352295,-0.1127190440893173,targeted,0.0,-0.005,0.0,1,0.03791622444987297,0,0.0058907740966823875,0.021711763403692477,0.0021696388721466064,-0.004856285750865941,-0.0210501740127802,0.012355967560685206,7.193908095359802e-05,0.002369665889683801,0.321723319092658
32,0.4252530634403229,-0.1087189391255378,targeted,0.0,-0.005,0.0,1,0.03552308306097984,0,0.005994389684250416,0.02178304975944987,0.0018821358680725098,-0.004567016959190373,-0.021215588077902803,0.012394486437631604,4.095211625099182e-05,0.001749552395055198,0.3218110942325835
67,0.4106421172618866,-0.1034040749073028,targeted,0.0,-0.005,0.0,1,0.037347082048654556,0,0.005691891872190925,0.021690877774186424,0.0023155510425567627,-0.004956868588924412,-0.020989565402269372,0.01234094205913066,2.9787421226501465e-05,0.002556729125630796,0.32172244710459535
14,0.4063156247138977,-0.0965389907360076,original,0.0,-0.005,0.005,1,0.039500731974840164,0,0.008048505040539588,0.018415698146879635,0.002733767032623291,-0.006483708620071416,-0.017018401175737385,0.012693381062668005,-7.169321179389954e-06,0.0026837287669081774,0.3227952081741197
27,0.4140132665634155,-0.096694678068161,original,0.0,-0.005,0.005,1,0.038622889667749405,0,0.007895196353337422,0.018389052117843023,0.002463102340698242,-0.006406408846378331,-0.017060137465596203,0.012707719184339451,-4.861503839492798e-07,0.002790035665610512,0.32287641454924776
28,0.4204081296920776,-0.1092793270945549,targeted,0.0,-0.005,0.005,1,0.03632752597332001,0,0.00589655350719263,0.017156110710655155,0.0017199516296386719,-0.004442741274833684,-0.016481381952762608,0.012411560483575517,3.5610049962997437e-05,0.0025746036401724515,0.32234744414755595
29,0.4126269817352295,-0.1127190440893173,targeted,0.0,-0.005,0.005,1,0.03791622444987297,0,0.0058907740966823875,0.01699541971740985,0.001925438642501831,-0.00466157972812653,-0.016229807510972027,0.012387458055767426,1.7080456018447876e-06,0.00238510200407913,0.3222861124131455
32,0.4252530634403229,-0.1087189391255378,targeted,0.0,-0.005,0.005,1,0.03552308306097984,0,0.005994389684250416,0.017194584329776972,0.0016044080257415771,-0.004314628541469578,-0.016566942557692532,0.01242367169238541,1.0235235095024109e-05,0.001970941210871139,0.32239198023099996
67,0.4106421172618866,-0.1034040749073028,targeted,0.0,-0.005,0.005,1,0.037347082048654556,0,0.005691891872190925,0.016976660799932857,0.0020915567874908447,-0.004776326119899754,-0.016156085878610615,0.012373336098977193,-2.6598572731018066e-06,0.0023810633268152525,0.32222751196637767
14,0.4063156247138977,-0.0965389907360076,original,0.0,-0.005,0.01,1,0.03915790468454361,0,0.008088861716066095,0.014412248558769278,0.0026474595069885254,-0.006174770295619969,-0.012750532478094101,0.012710155777045613,-2.0949169993400574e-05,0.0026752948590113824,0.3234414196676472
27,0.4140132665634155,-0.096694678068161,original,0.0,-0.005,0.01,1,0.038622889667749405,0,0.007895196353337422,0.01444973682008611,0.0025157630443573,-0.006170404255390172,-0.012821542099118233,0.01274805889466084,2.0973384380340576e-06,0.00302521536916964,0.3235707950367004
28,0.4204081296920776,-0.1092793270945549,targeted,0.0,-0.005,0.01,1,0.03632752597332001,0,0.00589655350719263,0.012359921167550936,0.0014992058277130127,-0.004495558440685277,-0.011415340006351471,0.012430949454432053,-3.3229589462280273e-06,0.0020158686372192705,0.32266901174241147
29,0.4126269817352295,-0.1127190440893173,targeted,0.0,-0.005,0.01,1,0.03791622444987297,0,0.0058907740966823875,0.01219407814505505,0.0017227530479431152,-0.0047817724943161055,-0.011084327474236488,0.01240709894335514,1.1548399925231934e-07,0.0022395045034988544,0.3225614998156747
32,0.4252530634403229,-0.1087189391255378,targeted,0.0,-0.005,0.01,1,0.03552308306097984,0,0.005994389684250416,0.012452562087217258,0.0013617277145385742,-0.004340325593948369,-0.011591961607336998,0.012444307156144472,-5.153939127922058e-06,0.0014199294762270297,0.32272835686291496
67,0.4106421172618866,-0.1034040749073028,targeted,0.0,-0.005,0.01,1,0.037347082048654556,0,0.005691891872190925,0.012215741607956165,0.001910477876663208,-0.004900937080383305,-0.011025208979845047,0.012394465512673673,-2.3301690816879272e-06,0.0021428848629524836,0.3224911647249637
14,0.4063156247138977,-0.0965389907360076,original,0.0,0.0,0.0,1,0.039500731974840164,0,0.008048505040539588,0.022129165806260512,0.0026387274265289307,-0.005691111087799072,-0.021221412569284448,0.012617667057288517,-3.028661012649536e-06,0.012922176493484858,0.3220698460847125
27,0.4140132665634155,-0.096694678068161,original,0.0,0.0,0.0,1,0.038622889667749405,0,0.007895196353337422,0.022106019669929734,0.002308577299118042,-0.005572892725467682,-0.021267097666859636,0.012637201984439418,-3.0174851417541504e-06,0.015029286023179865,0.3221832240407972
28,0.4204081296920776,-0.1092793270945549,targeted,0.0,0.0,0.0,1,0.03632752597332001,0,0.00589655350719263,0.02164039215638679,0.002023160457611084,-0.004081249237060547,-0.021155538260936746,0.012352675333669606,-3.3229589462280273e-06,0.010564906436723732,0.32181367536895744
29,0.4126269817352295,-0.1127190440893173,targeted,0.0,0.0,0.0,1,0.03791622444987297,0,0.0058907740966823875,0.021557450009359713,0.0021866261959075928,-0.0042373016476631165,-0.02102350093424321,0.012306531638021504,1.1548399925231934e-07,0.008122756141436979,0.3217072126118039
32,0.4252530634403229,-0.1087189391255378,targeted,0.0,0.0,0.0,1,0.03552308306097984,0,0.005994389684250416,0.021641803541287967,0.0019168555736541748,-0.003981776535511017,-0.021185815557837495,0.012382515981622152,-5.153939127922058e-06,0.009661016604628788,0.3217820142662693
67,0.4106421172618866,-0.1034040749073028,targeted,0.0,0.0,0.0,1,0.037347082048654556,0,0.005691891872190925,0.021536899937248496,0.0023074448108673096,-0.004315637052059174,-0.020973531752824792,0.01228470374519795,-2.3301690816879272e-06,0.01095209979906,0.32171456313794433
14,0.4063156247138977,-0.0965389907360076,original,0.0,0.0,0.005,1,0.039500731974840164,0,0.008048505040539588,0.01804465874135218,0.0026020705699920654,-0.005556359887123108,-0.016969555169343953,0.012652578469822045,-3.028661012649536e-06,0.010600806198446678,0.32273587346232585
27,0.4140132665634155,-0.096694678068161,original,0.0,0.0,0.005,1,0.038622889667749405,0,0.007895196353337422,0.018009727243467923,0.002305924892425537,-0.005455687642097473,-0.017007893994450574,0.012669557605871856,-3.0174851417541504e-06,0.013544916867617534,0.3228558419395914
28,0.4204081296920776,-0.1092793270945549,targeted,0.0,0.0,0.005,1,0.036637358367443085,0,0.005946967841651917,0.016567804448471113,0.0010801255702972412,-0.003944903612136841,-0.0160550057142973,0.0123639814121611,-1.2926757335662842e-06,0.00795327714004496,0.3217801636318435
29,0.4126269817352295,-0.1127190440893173,targeted,0.0,0.0,0.005,1,0.03791622444987297,0,0.0058907740966823875,0.01685058146249275,0.0019831955432891846,-0.004063010215759277,-0.016232713237404828,0.012334027045795032,1.1548399925231934e-07,0.007216840678826668,0.32224940339327096
32,0.4252530634403229,-0.1087189391255378,targeted,0.0,0.0,0.005,1,0.03552308306097984,0,0.005994389684250416,0.017075001539418606,0.0016662180423736572,-0.003778204321861267,-0.01656817935407162,0.012406077011343844,-5.153939127922058e-06,0.0077669667817466745,0.32237074392955023
67,0.4106421172618866,-0.1034040749073028,targeted,0.0,0.0,0.005,1,0.037347082048654556,0,0.005691891872190925,0.01682504121323549,0.0021260082721710205,-0.004130996763706207,-0.016170867830514912,0.012315948463588076,-2.3301690816879272e-06,0.008418482292960421,0.3222072041752391
14,0.4063156247138977,-0.0965389907360076,original,0.0,0.0,0.01,1,0.039500731974840164,0,0.008048505040539588,0.014093901910134196,0.0025790035724639893,-0.005394294857978821,-0.012762773782014847,0.012690334791406003,-3.028661012649536e-06,0.0056693810435073854,0.3234202463312956
27,0.4140132665634155,-0.096694678068161,original,0.0,0.0,0.01,1,0.038622889667749405,0,0.007895196353337422,0.014045004123131484,0.002357184886932373,-0.0053154900670051575,-0.012784810736775398,0.0127067121194007,-3.0174851417541504e-06,0.006740540926587296,0.32351014187833477
28,0.4204081296920776,-0.1092793270945549,targeted,0.0,0.0,0.01,1,0.03632752597332001,0,0.00589655350719263,0.012219429020569826,0.0016075968742370605,-0.003982357680797577,-0.011439882218837738,0.012395487466795115,-3.3229589462280273e-06,0.007322772589778721,0.32272442656652195
29,0.4126269817352295,-0.1127190440893173,targeted,0.0,0.0,0.01,1,0.03791622444987297,0,0.0058907740966823875,0.012048534220896141,0.0018305778503417969,-0.00421316921710968,-0.011138463392853737,0.012352450795197962,1.1548399925231934e-07,0.00560400043919603,0.3225358632281147
32,0.4252530634403229,-0.1087189391255378,targeted,0.0,0.0,0.01,1,0.03610315918922424,0,0.006085290602347422,0.012292738660521841,0.0014556944370269775,-0.003858044743537903,-0.011580495163798332,0.012416280386578871,-1.403316855430603e-05,0.005882158787534216,0.3228255424586253
67,0.4106421172618866,-0.1034040749073028,targeted,0.0,0.0,0.01,1,0.037347082048654556,0,0.005691891872190925,0.012050097624249639,0.0020066797733306885,-0.004251271486282349,-0.011095259338617325,0.012331715308459551,-2.3301690816879272e-06,0.006185701101894337,0.3224762119155893
14,0.4063156247138977,-0.0965389907360076,original,0.0,0.005,0.0,1,0.039500731974840164,0,0.008048505040539588,0.02177675054993338,0.0025814473628997803,-0.004466215968132015,-0.02115693524479867,0.012522037559523745,-3.028661012649536e-06,0.02247927266313701,0.3221421925567033
27,0.4140132665634155,-0.096694678068161,original,0.0,0.005,0.0,1,0.038622889667749405,0,0.007895196353337422,0.021787840722977275,0.0022296011447906494,-0.0044676911830902055,-0.021207984760403642,0.012535641026820763,-3.0174851417541504e-06,0.023451018434361832,0.32226919968862233
28,0.4204081296920776,-0.1092793270945549,targeted,0.0,0.005,0.0,1,0.03632752597332001,0,0.00589655350719263,0.021505933781043065,0.0020470023155212402,-0.0034148496389388994,-0.021134184896945962,0.012390150217533617,-3.3229589462280273e-06,0.022940711554392253,0.3219634642578604
29,0.4126269817352295,-0.1127190440893173,targeted,0.0,0.005,0.0,1,0.03791622444987297,0,0.0058907740966823875,0.021425512161728253,0.0021860897541046143,-0.003586831390857692,-0.021009717360138902,0.012335020804458804,1.1548399925231934e-07,0.020660351599521752,0.32179240079077415
32,0.4252530634403229,-0.1087189391255378,targeted,0.0,0.005,0.0,1,0.03552308306097984,0,0.005994389684250416,0.02149979950438606,0.0019435584545135498,-0.0033081424236297563,-0.021154672130942354,0.012427138981438107,-5.153939127922058e-06,0.02224150557760086,0.3219144254987869
67,0.4106421172618866,-0.1034040749073028,targeted,0.0,0.005,0.0,1,0.037347082048654556,0,0.005691891872190925,0.021411242523425366,0.00229606032371521,-0.0036477398872375444,-0.020972920805215844,0.012305459886120158,-2.3301690816879272e-06,0.022501910166441028,0.3218570591581001
14,0.4063156247138977,-0.0965389907360076,original,0.0,0.005,0.005,1,0.039500731974840164,0,0.008048505040539588,0.01764994191902453,0.002532780170440674,-0.004326420724391933,-0.01692298904061318,0.012555479265212565,-3.028661012649536e-06,0.01880078581272365,0.3227318683247931
27,0.4140132665634155,-0.096694678068161,original,0.0,0.005,0.005,1,0.038622889667749405,0,0.007895196353337422,0.017645657209699402,0.00222092866897583,-0.004325519204139705,-0.016962505057454114,0.012564006337516314,-3.0174851417541504e-06,0.02076075005955895,0.32287653906913427
28,0.4204081296920776,-0.1092793270945549,targeted,0.0,0.005,0.005,1,0.03632752597332001,0,0.00589655350719263,0.016863332071847984,0.0018455684185028076,-0.003207924664020534,-0.016452205479145054,0.012411477383363803,-3.3229589462280273e-06,0.021803839197961347,0.32255799124835033
29,0.4126269817352295,-0.1127190440893173,targeted,0.0,0.005,0.005,1,0.03791622444987297,0,0.0058907740966823875,0.0167161079438208,0.0020241737365722656,-0.0033960816264152482,-0.016241847649216656,0.01235111779276921,1.1548399925231934e-07,0.02079462016763415,0.3223937844712523
32,0.4252530634403229,-0.1087189391255378,targeted,0.0,0.005,0.005,1,0.03552308306097984,0,0.005994389684250416,0.016932396642289235,0.001736372709274292,-0.0031143677234649614,-0.016552697047591214,0.012445665886215282,-5.153939127922058e-06,0.021695030525256898,0.32258423907541367
67,0.4106421172618866,-0.1034040749073028,targeted,0.0,0.005,0.005,1,0.037347082048654556,0,0.005691891872190925,0.016700695144481262,0.002146601676940918,-0.0034569901227951005,-0.016197362095117573,0.01232368803815837,-2.3301690816879272e-06,0.02099799093645917,0.32238802519627685
14,0.4063156247138977,-0.0965389907360076,original,0.0,0.005,0.01,1,0.039500731974840164,0,0.008048505040539588,0.013629860803005383,0.002507120370864868,-0.004170405566692348,-0.012731660157442093,0.012585821181797654,-3.028661012649536e-06,0.017109412584845968,0.323431537462485
27,0.4140132665634155,-0.096694678068161,original,0.0,0.005,0.01,1,0.038622889667749405,0,0.007895196353337422,0.013612489514929932,0.002245992422103882,-0.0041764032840728715,-0.012759821489453316,0.012595209696951803,-3.0174851417541504e-06,0.019242061459958448,0.3235730247523792
28,0.4204081296920776,-0.1092793270945549,targeted,0.0,0.005,0.01,1,0.03632752597332001,0,0.00589655350719263,0.012046920616014558,0.0017258226871490479,-0.003265919983386989,-0.011466629803180695,0.012418119716336655,-3.3229589462280273e-06,0.020585474477970274,0.3229641529947889
29,0.4126269817352295,-0.1127190440893173,targeted,0.0,0.005,0.01,1,0.03791622444987297,0,0.0058907740966823875,0.01190167663201941,0.0019404888153076172,-0.0034856450557708696,-0.011213148012757301,0.0123580971950496,1.1548399925231934e-07,0.020071611914297065,0.3227792964950725
32,0.4252530634403229,-0.1087189391255378,targeted,0.0,0.005,0.01,1,0.03552308306097984,0,0.005994389684250416,0.012155033711663266,0.0015926063060760498,-0.0031489831209182695,-0.011631524190306664,0.012453436207783232,-5.153939127922058e-06,0.02057829430930103,0.32302996327769107
67,0.4106421172618866,-0.1034040749073028,targeted,0.0,0.005,0.01,1,0.037347082048654556,0,0.005691891872190925,0.011906836249264384,0.00209122896194458,-0.0035118487477302507,-0.01118331030011177,0.012331732311337447,-2.3301690816879272e-06,0.018567923032124362,0.3227041423999675
14,0.4063156247138977,-0.0965389907360076,original,0.005,-0.005,0.0,1,0.039500731974840164,0,0.008048505040539588,0.023047320345257437,0.006031786203384404,-0.0066994923353195235,-0.02121116057038308,0.012649539492809166,-3.077089786529541e-05,0.002708738277145777,0.3221052079314702
27,0.4140132665634155,-0.096694678068161,original,0.005,-0.005,0.0,1,0.038622889667749405,0,0.007895196353337422,0.023026875542475223,0.005929445028305058,-0.006610420644283299,-0.021245729401707658,0.01265750257983686,-3.386475145816803e-05,0.002539183778890591,0.3221431835041074
28,0.4204081296920776,-0.1092793270945549,targeted,0.005,-0.005,0.0,1,0.03632752597332001,0,0.00589655350719263,0.02183192006938336,0.003045444488525395,-0.004591931700706486,-0.02112515479326249,0.012407634365628827,2.1025538444519043e-05,0.0027511768227573173,0.32173742691639684
29,0.4126269817352295,-0.1127190440893173,targeted,0.005,-0.005,0.0,1,0.03791622444987297,0,0.0058907740966823875,0.021842811480849926,0.003173087835311894,-0.004777778983116154,-0.02107635535299779,0.012393258486401841,1.2485310435295105e-05,0.0029437763228301753,0.3217482198685951
32,0.4252530634403229,-0.1087189391255378,targeted,0.005,-0.005,0.0,1,0.03552308306097984,0,0.005994389684250416,0.021692835899199667,0.002939705848693852,-0.004475210905075078,-0.021021649464964876,0.012410241098201076,7.087178528308868e-05,0.0022555092590968327,0.3215645867315365
67,0.4106421172618866,-0.1034040749073028,targeted,0.005,-0.005,0.0,1,0.037347082048654556,0,0.005691891872190925,0.021834098164204434,0.003313367366790776,-0.004880224466323857,-0.0210221989452839,0.012383998056543579,2.7609989047050476e-05,0.0030395975039936665,0.32168897788012984
14,0.4063156247138977,-0.0965389907360076,original,0.005,-0.005,0.005,1,0.039500731974840164,0,0.008048505040539588,0.018987747011033125,0.005600636005401616,-0.006519270241260533,-0.016931229382753377,0.012687185002904132,2.72504985332489e-05,0.0029521717527037157,0.3226979313750946
27,0.4140132665634155,-0.096694678068161,original,0.005,-0.005,0.005,1,0.038622889667749405,0,0.007895196353337422,0.01899690312196313,0.005617742538452153,-0.006448415219783787,-0.016962937191128735,0.012695903182768392,-1.1086463928222656e-05,0.0027439315982473148,0.32279767790639974
28,0.4204081296920776,-0.1092793270945549,targeted,0.005,-0.005,0.005,1,0.03632752597332001,0,0.00589655350719263,0.01716977495169541,0.0025754916667938277,-0.004324545264244084,-0.01641542941331864,0.012441576033074185,-5.491077899932861e-06,0.002943395668357928,0.32227744042163653
29,0.4126269817352295,-0.1127190440893173,targeted,0.005,-0.005,0.005,1,0.03791622444987297,0,0.0058907740966823875,0.017117024879288317,0.002694104909896855,-0.004544069170951848,-0.016281454935669903,0.012430562738739374,-3.216788172721863e-06,0.0028544055951132694,0.322252953760459
32,0.4252530634403229,-0.1087189391255378,targeted,0.005,-0.005,0.005,1,0.03552308306097984,0,0.005994389684250416,0.017137482039522325,0.002428357601165776,-0.0042156401276588484,-0.01643242977559567,0.012445560947193974,3.0860304832458496e-05,0.002673482476340047,0.32216947092855736
67,0.4106421172618866,-0.1034040749073028,targeted,0.005,-0.005,0.005,1,0.037347082048654556,0,0.005691891872190925,0.017108726783672618,0.0028558421134948775,-0.004661721289157872,-0.01621175661683083,0.012424054002447968,-1.3820827007293701e-06,0.0029671325047931412,0.32219542182871774
14,0.4063156247138977,-0.0965389907360076,original,0.005,-0.005,0.01,1,0.039500731974840164,0,0.008048505040539588,0.01501388322937271,0.00501040101051331,-0.0062680366635322615,-0.012689534574747086,0.012732002979169144,-3.028661012649536e-06,0.005896943650855279,0.32344934157374716
27,0.4140132665634155,-0.096694678068161,original,0.005,-0.005,0.01,1,0.038622889667749405,0,0.007895196353337422,0.015023317409949435,0.0050927746295929,-0.006190237700939183,-0.012706087902188301,0.012741258760717963,4.3895095586776733e-05,0.00308968222093963,0.32339890308050756
28,0.4204081296920776,-0.1092793270945549,targeted,0.005,-0.005,0.01,1,0.0341954343020916,0,0.005538350051662466,0.01231165424232961,0.0017638850212097212,-0.004395236372947697,-0.011364305391907692,0.01247399403381092,6.159022450447083e-05,0.0028968952042101306,0.3224692445112151
29,0.4126269817352295,-0.1127190440893173,targeted,0.005,-0.005,0.01,1,0.03791622444987297,0,0.0058907740966823875,0.012269201323739447,0.002234970331192021,-0.004613806605339055,-0.011146793141961098,0.012459579938726378,1.1548399925231934e-07,0.002727608616342526,0.32253494406329186
32,0.4252530634403229,-0.1087189391255378,targeted,0.005,-0.005,0.01,1,0.03552308306097984,0,0.005994389684250416,0.01244686256441199,0.0019275891780853316,-0.004204710125923161,-0.011555483564734459,0.012473727795478031,-5.153939127922058e-06,0.0026259572061030022,0.3226039842924891
67,0.4106421172618866,-0.1034040749073028,targeted,0.005,-0.005,0.01,1,0.037347082048654556,0,0.005691891872190925,0.012294947321497652,0.002401654720306401,-0.004737866222858433,-0.011088300496339798,0.012453281306012321,-2.3301690816879272e-06,0.002680935068311729,0.32246630464376624
14,0.4063156247138977,-0.0965389907360076,original,0.005,0.0,0.0,1,0.039500731974840164,0,0.008048505040539588,0.022740473978381692,0.006039922237396245,-0.005734272301197052,-0.021160496622324,0.012616149815532236,-3.028661012649536e-06,0.013868921002970987,0.3220335245593334
27,0.4140132665634155,-0.096694678068161,original,0.005,0.0,0.0,1,0.03957558795809746,0,0.008003439588062353,0.022652374214794654,0.005776082277297978,-0.0056480467319488525,-0.021162856593728074,0.01261198837776344,-6.293877959251404e-06,0.01185726797770511,0.32203912967480186
28,0.4204081296920776,-0.1092793270945549,targeted,0.005,0.0,0.0,1,0.03632752597332001,0,0.00589655350719263,0.021690230152421636,0.0030368018150329634,-0.003982022404670715,-0.02110420376062394,0.012371910117282808,-3.3229589462280273e-06,0.01249006838288658,0.32176040988589666
29,0.4126269817352295,-0.1127190440893173,targeted,0.005,0.0,0.0,1,0.03791622444987297,0,0.0058907740966823875,0.021688012142423045,0.0031760978698730513,-0.004162542521953583,-0.021046508327126512,0.0123289309813801,1.1548399925231934e-07,0.010548022921288553,0.32168704120047115
32,0.4252530634403229,-0.1087189391255378,targeted,0.005,0.0,0.0,1,0.03552308306097984,0,0.005994389684250416,0.02159994610840036,0.0029836046695709273,-0.003902919590473175,-0.021033853515982637,0.012392211585466684,-5.153939127922058e-06,0.011420227304850936,0.3216690648674511
67,0.4106421172618866,-0.1034040749073028,targeted,0.005,0.0,0.0,1,0.037347082048654556,0,0.005691891872190925,0.021681235350954745,0.00330102920532227,-0.0042453333735466,-0.021003721505403528,0.012311983933836356,-2.3301690816879272e-06,0.01257708320690837,0.32169449645423476
14,0.4063156247138977,-0.0965389907360076,original,0.005,0.0,0.005,1,0.039500731974840164,0,0.008048505040539588,0.018667910644994748,0.0056340146064758345,-0.0056033656001091,-0.016892337352037434,0.01265372709342613,-3.028661012649536e-06,0.012056664332229504,0.322677819809105
27,0.4140132665634155,-0.096694678068161,original,0.005,0.0,0.005,1,0.038622889667749405,0,0.007895196353337422,0.018651979172520775,0.005612020492553715,-0.0054984912276268005,-0.016916505172848706,0.01266255948686729,-3.0174851417541504e-06,0.014475279509829847,0.3227939134579881
28,0.4204081296920776,-0.1092793270945549,targeted,0.005,0.0,0.005,1,0.03632752597332001,0,0.00589655350719263,0.017038254155193444,0.002589349746704106,-0.0037590637803077698,-0.016415444314479832,0.012397627151047013,-3.3229589462280273e-06,0.01098561763650661,0.3222933381845868
29,0.4126269817352295,-0.1127190440893173,targeted,0.005,0.0,0.005,1,0.03791622444987297,0,0.0058907740966823875,0.016966330178922434,0.0027347254753112837,-0.003956355154514313,-0.01627036847174168,0.012362829632273493,1.1548399925231934e-07,0.009091071821777206,0.32222439295940036
32,0.4252530634403229,-0.1087189391255378,targeted,0.005,0.0,0.005,1,0.03552308306097984,0,0.005994389684250416,0.017000626332041118,0.0025206255912780806,-0.003663681447505951,-0.01640869222581387,0.012415928689035233,-5.153939127922058e-06,0.01080782549689927,0.32222128877392325
67,0.4106421172618866,-0.1034040749073028,targeted,0.005,0.0,0.005,1,0.037347082048654556,0,0.005691891872190925,0.016961628565192014,0.002891873121261601,-0.004033342003822327,-0.01621931150555611,0.012346120035943608,-2.3301690816879272e-06,0.011006039887156467,0.3222079886482883
14,0.4063156247138977,-0.0965389907360076,original,0.005,0.0,0.01,1,0.039500731974840164,0,0.008048505040539588,0.014680011192892913,0.005055998563766484,-0.0054322779178619385,-0.012666095048189163,0.012694459810757553,-3.028661012649536e-06,0.00804938360103833,0.32331567688533513
27,0.4140132665634155,-0.096694678068161,original,0.005,0.0,0.01,1,0.038622889667749405,0,0.007895196353337422,0.014671749703998408,0.005112414360046391,-0.0053527578711509705,-0.012667732313275337,0.012702417227503114,-3.0174851417541504e-06,0.011246118900237358,0.32341631965296624
28,0.4204081296920776,-0.1092793270945549,targeted,0.005,0.0,0.01,1,0.03632752597332001,0,0.00589655350719263,0.012237453331511647,0.002162789106369023,-0.003829561173915863,-0.011419810354709625,0.012415853541333143,-3.3229589462280273e-06,0.008396850147295933,0.3226431179846684
29,0.4126269817352295,-0.1127190440893173,targeted,0.005,0.0,0.01,1,0.03791622444987297,0,0.0058907740966823875,0.012121507225274887,0.002320264577865605,-0.004068873822689056,-0.011179963126778603,0.012381893501708523,1.1548399925231934e-07,0.006961998942636793,0.32251488166127357
32,0.4252530634403229,-0.1087189391255378,targeted,0.005,0.0,0.01,1,0.03552308306097984,0,0.005994389684250416,0.012311003167263058,0.0020486164093017623,-0.0037047117948532104,-0.011560237035155296,0.012436663796610563,-5.153939127922058e-06,0.00914504375641778,0.3226638049676907
67,0.4106421172618866,-0.1034040749073028,targeted,0.005,0.0,0.01,1,0.037347082048654556,0,0.005691891872190925,0.012138895668506242,0.0024915087223053023,-0.00412394106388092,-0.011141736060380936,0.01236648384808235,-2.3301690816879272e-06,0.008821317232463084,0.3224898226486292
14,0.4063156247138977,-0.0965389907360076,original,0.005,0.005,0.0,1,0.039500731974840164,0,0.008048505040539588,0.02238839470747136,0.006083344221115117,-0.004266480803489681,-0.021119429022073755,0.012533614043262954,-3.028661012649536e-06,0.021859521628302934,0.3220764585027556
27,0.4140132665634155,-0.096694678068161,original,0.005,0.005,0.0,1,0.038622889667749405,0,0.007895196353337422,0.0223890879986817,0.005951498746871953,-0.0042701092362403825,-0.021156963184475908,0.012535095201103479,-3.0174851417541504e-06,0.023340799337168528,0.32221603100524243
28,0.4204081296920776,-0.1092793270945549,targeted,0.005,0.005,0.0,1,0.03632752597332001,0,0.00589655350719263,0.021562978802690726,0.003042136430740361,-0.0033121210336685136,-0.021088795959949502,0.012398998248931582,-3.3229589462280273e-06,0.023152611595624383,0.32188106070795786
29,0.4126269817352295,-0.1127190440893173,targeted,0.005,0.005,0.0,1,0.03791622444987297,0,0.0058907740966823875,0.021556318364169845,0.0031791377067565962,-0.003512616157531734,-0.021029252782464036,0.012342696005799705,1.1548399925231934e-07,0.02166987759207325,0.3217745877528569
32,0.4252530634403229,-0.1087189391255378,targeted,0.005,0.005,0.0,1,0.03552308306097984,0,0.005994389684250416,0.0215081539172843,0.0029972839355468794,-0.0032283094525337175,-0.021052196845412263,0.012427944225612804,-5.153939127922058e-06,0.023949591653688027,0.3218855220564889
67,0.4106421172618866,-0.1034040749073028,targeted,0.005,0.005,0.0,1,0.037347082048654556,0,0.005691891872190925,0.021553063547058497,0.003290956020355229,-0.003583135902881618,-0.02099679246544839,0.012315868298318154,-2.3301690816879272e-06,0.021772677932437468,0.3217780277218101
14,0.4063156247138977,-0.0965389907360076,original,0.005,0.005,0.005,1,0.039500731974840164,0,0.008048505040539588,0.01829185643914284,0.005737041234970097,-0.004139291942119594,-0.016868450790643696,0.012569804801408853,-3.028661012649536e-06,0.021329623060576165,0.32275988264375216
27,0.4140132665634155,-0.096694678068161,original,0.005,0.005,0.005,1,0.038622889667749405,0,0.007895196353337422,0.018298244230237622,0.005691860914230351,-0.004143680334091182,-0.016889593675732617,0.012568778469131469,-3.0174851417541504e-06,0.022433572745258815,0.3228874416124882
28,0.4204081296920776,-0.1092793270945549,targeted,0.005,0.005,0.005,1,0.03632752597332001,0,0.00589655350719263,0.016910446267078386,0.002630834579467778,-0.003102968335151668,-0.016413820087909703,0.012418538225529817,-3.3229589462280273e-06,0.022507631471656724,0.3224838419216631
29,0.4126269817352295,-0.1127190440893173,targeted,0.005,0.005,0.005,1,0.03791622444987297,0,0.0058907740966823875,0.016838067728599134,0.002778534889221196,-0.003300825953483577,-0.016275896802544598,0.012363827031900658,1.1548399925231934e-07,0.02098735860771137,0.3223588103716785
32,0.4252530634403229,-0.1087189391255378,targeted,0.005,0.005,0.005,1,0.03552308306097984,0,0.005994389684250416,0.016883774450095482,0.0025977241992950484,-0.003007980883121486,-0.01640931807458401,0.01244913853967569,-5.153939127922058e-06,0.02392522177380782,0.3225394533913479
67,0.4106421172618866,-0.1034040749073028,targeted,0.005,0.005,0.005,1,0.03782065212726593,0,0.005746772469709297,0.016196495346377446,0.0018291223049163863,-0.0035299462080001787,-0.015700963437557225,0.012301042909139397,3.203749656677246e-06,0.02377333007308714,0.32179599639367784
14,0.4063156247138977,-0.0965389907360076,original,0.005,0.005,0.01,1,0.039500731974840164,0,0.008048505040539588,0.014255160166732384,0.005194877386093144,-0.003995145559310909,-0.012659449130296707,0.01261117592380125,-3.039836883544922e-06,0.01693361589388071,0.3233550460436697
27,0.4140132665634155,-0.096694678068161,original,0.005,0.005,0.01,1,0.03985832259058952,0,0.008069862406462267,0.014242811825961365,0.005385463237762456,-0.004083658456802364,-0.012537073343992233,0.012696462451903168,-1.1894851922988892e-05,0.02270182044029173,0.32338856830887563
28,0.4204081296920776,-0.1092793270945549,targeted,0.005,0.005,0.01,1,0.03632752597332001,0,0.00589655350719263,0.012113031213083476,0.0022456693649292037,-0.003141592144966121,-0.01148097962141037,0.012427781898250927,-3.3229589462280273e-06,0.021525684086960397,0.3228959250625286
29,0.4126269817352295,-0.1127190440893173,targeted,0.005,0.005,0.01,1,0.03791622444987297,0,0.0058907740966823875,0.011973723797355321,0.0024224865436554,-0.003362740278244014,-0.01123359240591526,0.01237436791237583,1.1548399925231934e-07,0.02032895778000564,0.32274976794700266
32,0.4252530634403229,-0.1087189391255378,targeted,0.005,0.005,0.01,1,0.03552308306097984,0,0.005994389684250416,0.012172886814635133,0.002186452150344853,-0.0030270171165466264,-0.011586016044020653,0.012459150922683036,-5.153939127922058e-06,0.023025591833833965,0.3229699389236762
67,0.4106421172618866,-0.1034040749073028,targeted,0.005,0.005,0.01,1,0.037347082048654556,0,0.005691891872190925,0.011988045409292552,0.002562438249588017,-0.0034112137556076005,-0.011203158646821976,0.012349813246804566,-2.3301690816879272e-06,0.02135990087230689,0.32276832582009063
14,0.4063156247138977,-0.0965389907360076,original,0.01,-0.005,0.0,1,0.039500731974840164,0,0.008048505040539588,0.023879658555466837,0.008854339122772226,-0.006738272607326512,-0.021128995567560205,0.012640812565746192,-1.4450401067733765e-05,0.0027650346070948735,0.321979016817243
27,0.4140132665634155,-0.096694678068161,original,0.01,-0.005,0.0,1,0.038622889667749405,0,0.007895196353337422,0.02379644976632568,0.009037683010101327,-0.006599118113517766,-0.021001022532582292,0.012645544393694213,-3.0174851417541504e-06,0.0028042153918282357,0.32189028666745645
28,0.4204081296920776,-0.1092793270945549,targeted,0.01,-0.005,0.0,1,0.03632752597332001,0,0.00589655350719263,0.02184171503640181,0.004004249572753915,-0.004525912106037144,-0.02098910719156266,0.01242992125375214,-3.3229589462280273e-06,0.0037077813942723086,0.3215731158565043
29,0.4126269817352295,-0.1127190440893173,targeted,0.01,-0.005,0.0,1,0.03791622444987297,0,0.0058907740966823875,0.021984426113443506,0.004241982698440561,-0.004716088175773625,-0.0210494438558817,0.012431145768138877,2.5313347578048706e-06,0.003589285259037872,0.321724619063936
32,0.4252530634403229,-0.1087189391255378,targeted,0.01,-0.005,0.0,1,0.03698434308171272,1,0.0062082393327070745,0.007222190878134241,0.001713494062423715,-0.003987406492233281,-0.005772743597626695,0.01519302815976243,0.18279092945158482,0.0010516719881628668,0.11663040711960423
67,0.4106421172618866,-0.1034040749073028,targeted,0.01,-0.005,0.0,1,0.037347082048654556,0,0.005691891872190925,0.022000099690725364,0.0043757057189941495,-0.004818690121173863,-0.021015180498361596,0.012426094597930487,1.8551945686340332e-05,0.003902646826600263,0.32168121218023676
14,0.4063156247138977,-0.0965389907360076,original,0.01,-0.005,0.005,1,0.039500731974840164,0,0.008048505040539588,0.01981211703422442,0.008101830482482919,-0.006546546816825871,-0.016852983385324483,0.012678462329206669,-8.560717105865479e-06,0.003115377411334511,0.3226073540319018
27,0.4140132665634155,-0.096694678068161,original,0.01,-0.005,0.005,1,0.038622889667749405,0,0.007895196353337422,0.01976060977541065,0.008349398374557504,-0.006440167427062993,-0.01671207614243031,0.012681376462636416,-8.6221843957901e-06,0.003004343529116038,0.32256554812502325
28,0.4204081296920776,-0.1092793270945549,targeted,0.01,-0.005,0.005,1,0.03632752597332001,0,0.00589655350719263,0.017227529458218732,0.0032849109172821134,-0.004253593385219578,-0.016367775499820714,0.01247332042925979,-1.0097399353981018e-05,0.004907796506195506,0.32215746630584113
29,0.4126269817352295,-0.1127190440893173,targeted,0.01,-0.005,0.005,1,0.03839188069105148,0,0.005999832887530619,0.01712637600018008,0.0035022294521331876,-0.004398022890090947,-0.016177284643054013,0.01246933594025488,-6.642192602157593e-06,0.00424667475270955,0.3221164246626434
32,0.4252530634403229,-0.1087189391255378,targeted,0.01,-0.005,0.005,1,0.03552308306097984,0,0.005994389684250416,0.01724420820433849,0.002776334285736093,-0.004267585575580601,-0.016475509032607083,0.012475915833278483,-5.153939127922058e-06,0.006856736773828077,0.32221403926668035
67,0.4106421172618866,-0.1034040749073028,targeted,0.01,-0.005,0.005,1,0.037347082048654556,0,0.005691891872190925,0.017232113350859564,0.0037040507793426602,-0.00455929815769196,-0.016199954897165303,0.012473469846138287,-2.3301690816879272e-06,0.006595151924066954,0.32219572919195066
14,0.4063156247138977,-0.0965389907360076,original,0.01,-0.005,0.01,1,0.039500731974840164,0,0.008048505040539588,0.015784947063083133,0.007125893831253061,-0.006283898949623112,-0.012605506926774979,0.012726922971218644,-3.028661012649536e-06,0.007538187124058931,0.3233233027014308
27,0.4140132665634155,-0.096694678068161,original,0.01,-0.005,0.01,1,0.038622889667749405,0,0.007895196353337422,0.015788803290973655,0.0074434077739715665,-0.006190848648548131,-0.012472184374928474,0.012725239408983829,-2.4234876036643982e-05,0.003447999250267143,0.3232614532552819
28,0.4204081296920776,-0.1092793270945549,targeted,0.01,-0.005,0.01,1,0.03632752597332001,0,0.00589655350719263,0.012457435977991952,0.0025302565097808927,-0.0042206245660781905,-0.011444292962551117,0.012510108318533856,-3.3229589462280273e-06,0.0062866379187128,0.3225372302320572
29,0.4126269817352295,-0.1127190440893173,targeted,0.01,-0.005,0.01,1,0.03791622444987297,0,0.0058907740966823875,0.012317010252626498,0.002847740650177011,-0.004451003968715672,-0.011125991120934486,0.012512299656170834,1.1548399925231934e-07,0.00749147258432604,0.3225441902848008
32,0.4252530634403229,-0.1087189391255378,targeted,0.01,-0.005,0.01,1,0.03552308306097984,0,0.005994389684250416,0.012506411228272172,0.0021095669269561856,-0.004122634530067448,-0.011617397889494896,0.012509596064236473,-5.153939127922058e-06,0.004170854525064612,0.32263123169634955
67,0.4106421172618866,-0.1034040749073028,targeted,0.01,-0.005,0.01,1,0.037347082048654556,0,0.005691891872190925,0.012364875651448993,0.0029851293563842862,-0.004580338597297673,-0.011090520769357681,0.012512171634645373,-2.3301690816879272e-06,0.00844857374293113,0.3225061489031383
14,0.4063156247138977,-0.0965389907360076,original,0.01,0.0,0.0,1,0.039500731974840164,0,0.008048505040539588,0.023581772520751446,0.008884230852127084,-0.005737505853176117,-0.02107727363705636,0.012614755158008932,-3.028661012649536e-06,0.014380044562792838,0.3219363278943703
27,0.4140132665634155,-0.096694678068161,original,0.01,0.0,0.0,1,0.038622889667749405,0,0.007895196353337422,0.02351915858552945,0.009071568250656137,-0.005607277154922485,-0.0209622497111559,0.01262411250672258,-3.028661012649536e-06,0.01547556428922125,0.32191963859885475
28,0.4204081296920776,-0.1092793270945549,targeted,0.01,0.0,0.0,1,0.03632752597332001,0,0.00589655350719263,0.021697124956681125,0.004064599275588998,-0.003918096423149109,-0.020949768126010904,0.01237804610846355,-3.3229589462280273e-06,0.017898879784155497,0.3217214822367941
29,0.4126269817352295,-0.1127190440893173,targeted,0.01,0.0,0.0,1,0.03791622444987297,0,0.0058907740966823875,0.021817994601581386,0.004203835725784311,-0.004086434841156006,-0.02101555861532689,0.012353383408030777,1.1548399925231934e-07,0.01334426990250441,0.32169809775819463
32,0.4252530634403229,-0.1087189391255378,targeted,0.01,0.0,0.0,1,0.03552308306097984,0,0.005994389684250416,0.02164052964587215,0.0035134053230285733,-0.0039435625076293945,-0.02098611019551755,0.012400291538190103,-5.153939127922058e-06,0.018430846899032547,0.32173851560636507
67,0.4106421172618866,-0.1034040749073028,targeted,0.01,0.0,0.0,1,0.037347082048654556,0,0.005691891872190925,0.021843937532760076,0.004327008724212655,-0.004178941249847412,-0.02099931076169015,0.012336879922336437,-2.3301690816879272e-06,0.0127637078281511,0.3216733662269235
14,0.4063156247138977,-0.0965389907360076,original,0.01,0.0,0.005,1,0.039500731974840164,0,0.008048505040539588,0.019497212474828857,0.008152673244476327,-0.005572408437728882,-0.016811409145593648,0.01265206965739845,-3.028661012649536e-06,0.012225145980639429,0.32254181151396005
27,0.4140132665634155,-0.096694678068161,original,0.01,0.0,0.005,1,0.038622889667749405,0,0.007895196353337422,0.019459590414144506,0.00838230013847352,-0.005487300455570221,-0.016682393029332165,0.012656440003330539,-3.0249357223510742e-06,0.014995674209172104,0.3225957626390886
28,0.4204081296920776,-0.1092793270945549,targeted,0.01,0.0,0.005,1,0.03665037080645561,0,0.005958739573908479,0.017030671753144943,0.003205726146698007,-0.0037028640508651733,-0.016311220005154614,0.012410808070022069,-1.9125640392303467e-05,0.016574328117103382,0.32225386570000925
29,0.4126269817352295,-0.1127190440893173,targeted,0.01,0.0,0.005,1,0.03791622444987297,0,0.0058907740966823875,0.017073761803289345,0.0035771524906158536,-0.0038568973541259766,-0.016243203654885296,0.012387057025952037,1.1548399925231934e-07,0.011853012439396298,0.3222420630775824
32,0.4252530634403229,-0.1087189391255378,targeted,0.01,0.0,0.005,1,0.03552308306097984,0,0.005994389684250416,0.01712047243103381,0.0029305016994476407,-0.0037009045481681824,-0.01645679317414761,0.012432072621745694,-5.153939127922058e-06,0.018826915412282676,0.3224225323628879
67,0.4106421172618866,-0.1034040749073028,targeted,0.01,0.0,0.005,1,0.037347082048654556,0,0.005691891872190925,0.017106479963335627,0.0037101006507873624,-0.003949880599975586,-0.016225450783967976,0.012372236933924259,-2.3301690816879272e-06,0.011661426804450942,0.32220770155754724
14,0.4063156247138977,-0.0965389907360076,original,0.01,0.0,0.01,1,0.039500731974840164,0,0.008048505040539588,0.015452173966598154,0.007177660465240487,-0.005391895771026611,-0.012576896697282791,0.012695278406842214,-3.028661012649536e-06,0.010031908827142024,0.32318587752316363
27,0.4140132665634155,-0.096694678068161,original,0.01,0.0,0.01,1,0.038622889667749405,0,0.007895196353337422,0.015464730687742163,0.0074684417247772306,-0.0053560733795166016,-0.012437554076313972,0.012697956907258912,-3.0174851417541504e-06,0.013802055752388527,0.3232483114699028
28,0.4204081296920776,-0.1092793270945549,targeted,0.01,0.0,0.01,1,0.03632752597332001,0,0.00589655350719263,0.012307527715811896,0.002654830217361459,-0.003708392381668091,-0.011431314051151276,0.012435374530233374,-3.3229589462280273e-06,0.015017016076139356,0.32267560628192893
29,0.4126269817352295,-0.1127190440893173,targeted,0.01,0.0,0.01,1,0.03791622444987297,0,0.0058907740966823875,0.012199038783728347,0.002914646863937387,-0.003929130733013153,-0.011175120249390602,0.012409274092039383,1.1548399925231934e-07,0.009389547299781776,0.322544550645543
32,0.4252530634403229,-0.1087189391255378,targeted,0.01,0.0,0.01,1,0.03552308306097984,0,0.005994389684250416,0.012383331000814155,0.0022957420349121183,-0.003625325858592987,-0.011616086587309837,0.012453191245051287,-5.153939127922058e-06,0.020782077661414558,0.32299991499718256
67,0.4106421172618866,-0.1034040749073028,targeted,0.01,0.0,0.01,1,0.037347082048654556,0,0.005691891872190925,0.012250539018401592,0.003034541606903085,-0.004007451236248016,-0.011171732097864151,0.01239819724092037,-2.3301690816879272e-06,0.011398706817769298,0.3225345168411467
14,0.4063156247138977,-0.0965389907360076,original,0.01,0.005,0.0,1,0.039500731974840164,0,0.008048505040539588,0.023262082890727783,0.008989343643188485,-0.004121149778366084,-0.021055458337068567,0.012554016909326313,-3.028661012649536e-06,0.019434679086213196,0.32192343643467713
27,0.4140132665634155,-0.096694678068161,original,0.01,0.005,0.0,1,0.038622889667749405,0,0.007895196353337422,0.02321766401440675,0.009193131923675546,-0.004092904627323146,-0.020923536494374284,0.012545803599611745,-3.0174851417541504e-06,0.02353740596285208,0.32203303372059905
28,0.4204081296920776,-0.1092793270945549,targeted,0.01,0.005,0.0,1,0.03632752597332001,0,0.00589655350719263,0.021572836998042452,0.004126945734024057,-0.003244007825851436,-0.020924436151981363,0.01239549951425652,-3.334134817123413e-06,0.018871036027196784,0.32153082007107986
29,0.4126269817352295,-0.1127190440893173,targeted,0.01,0.005,0.0,1,0.03791622444987297,0,0.0058907740966823875,0.02168736943468182,0.004187593460083017,-0.0034285065531730607,-0.02100122369825841,0.012348653360130663,1.0803341865539551e-07,0.019635296049732756,0.3216553594174079
32,0.4252530634403229,-0.1087189391255378,targeted,0.01,0.005,0.0,1,0.03552308306097984,0,0.005994389684250416,0.021504199732788838,0.0036371147632598966,-0.003258476853370662,-0.020942405089735994,0.012426150988497637,-5.161389708518982e-06,0.02005879690338109,0.321493637763252
67,0.4106421172618866,-0.1034040749073028,targeted,0.01,0.005,0.0,1,0.037347082048654556,0,0.005691891872190925,0.021727018560997183,0.004315236806869516,-0.003519627153873439,-0.02100129261612893,0.012326771460964383,-2.3301690816879272e-06,0.02203724292622216,0.3217583868472282
14,0.4063156247138977,-0.0965389907360076,original,0.01,0.005,0.005,1,0.039500731974840164,0,0.008048505040539588,0.01915387494084057,0.008289287090301523,-0.003978150784969325,-0.016802766472101216,0.012599040370967231,-3.028661012649536e-06,0.020638135239820672,0.3226542394628325
27,0.4140132665634155,-0.096694678068161,original,0.01,0.005,0.005,1,0.039776965975761414,0,0.0080261959595652,0.018937253545489603,0.00814876914024354,-0.004020127356052394,-0.01661492429673672,0.01254109224978962,1.862645149230957e-09,0.01724479722496616,0.3224539709335958
28,0.4204081296920776,-0.1092793270945549,targeted,0.01,0.005,0.005,1,0.03632752597332001,0,0.00589655350719263,0.016954931638250084,0.003450850248336801,-0.0030263093113899187,-0.016321850121021275,0.012421068016119063,-3.3229589462280273e-06,0.01998626158262343,0.32221330834592776
29,0.4126269817352295,-0.1127190440893173,targeted,0.01,0.005,0.005,1,0.03791622444987297,0,0.0058907740966823875,0.01694210284696332,0.0035735166072845548,-0.003205465972423549,-0.016247763410210614,0.012373961769844202,1.1548399925231934e-07,0.020843098409149993,0.32233288351309375
32,0.4252530634403229,-0.1087189391255378,targeted,0.01,0.005,0.005,1,0.03552308306097984,0,0.005994389684250416,0.016995901099547697,0.0030796027183532804,-0.0030441311001777605,-0.0164350225776434,0.012447176659974515,-5.153939127922058e-06,0.0234611813967396,0.3223554842873839
67,0.4106421172618866,-0.1034040749073028,targeted,0.01,0.005,0.005,1,0.037347082048654556,0,0.005691891872190925,0.017013783984843007,0.0037125146389007657,-0.0033073526620864824,-0.016271063238382344,0.012353014573922466,-2.3301690816879272e-06,0.022035545358578625,0.32238507459422083
14,0.4063156247138977,-0.0965389907360076,original,0.01,0.005,0.01,1,0.039500731974840164,0,0.008048505040539588,0.015065880032177252,0.007338801622390756,-0.0038261142373084978,-0.012589026242494583,0.012645420115973575,-3.028661012649536e-06,0.019962042571928632,0.32328772153585245
27,0.4140132665634155,-0.096694678068161,original,0.01,0.005,0.01,1,0.038622889667749405,0,0.007895196353337422,0.015087743491045337,0.007640490531921396,-0.003826397359371181,-0.012434693053364754,0.012630583458233358,-3.0174851417541504e-06,0.0220824354455768,0.3233661662908876
28,0.4204081296920776,-0.1092793270945549,targeted,0.01,0.005,0.01,1,0.03632752597332001,0,0.00589655350719263,0.01216727221687007,0.0027968382835388272,-0.003036173880100246,-0.011445604264736176,0.01243620771157546,-3.3248215913772583e-06,0.020924107753197016,0.3227475987417641
29,0.4126269817352295,-0.1127190440893173,targeted,0.01,0.005,0.01,1,0.03791622444987297,0,0.0058907740966823875,0.012070717278589688,0.0029716289043426602,-0.0032514956593513444,-0.011238301172852516,0.012390160815809298,1.1548399925231934e-07,0.022449535252004733,0.32280570953422355
32,0.4252530634403229,-0.1087189391255378,targeted,0.01,0.005,0.01,1,0.03552308306097984,0,0.005994389684250416,0.012369249720324639,0.002508232593536386,-0.0029793035984039262,-0.011740138754248619,0.012464086562466654,-5.153939127922058e-06,0.024383736773070912,0.3229821045859255
67,0.4106421172618866,-0.1034040749073028,targeted,0.01,0.005,0.01,1,0.037347082048654556,0,0.005691891872190925,0.012138405373791246,0.0031069910526275724,-0.003317746222019191,-0.01125522330403328,0.012369933548848982,-2.3301690816879272e-06,0.02187217288777052,0.32278861539166304
14,0.4063156247138977,-0.0965389907360076,original,0.015,-0.005,0.0,1,0.039500731974840164,0,0.008048505040539588,0.02479977893448267,0.011424645185470594,-0.006687020063400273,-0.020971177369356164,0.012636620394155718,-3.028661012649536e-06,0.003006876078278514,0.321856112959249
27,0.4140132665634155,-0.096694678068161,original,0.015,-0.005,0.0,1,0.038622889667749405,0,0.007895196353337422,0.0248620672750461,0.011368676424026503,-0.0065921890735626265,-0.021104943230748185,0.0126412437256504,-3.0174851417541504e-06,0.006353397679334495,0.32196315755345095
28,0.4204081296920776,-0.1092793270945549,targeted,0.015,-0.005,0.0,1,0.03632752597332001,0,0.00589655350719263,0.021969325189546945,0.0041029596328735485,-0.004643445014953618,-0.02107736676931382,0.012460373341466777,-3.3229589462280273e-06,0.017980299530174236,0.3219634849273873
29,0.4126269817352295,-0.1127190440893173,targeted,0.015,-0.005,0.0,1,0.03791622444987297,0,0.0058907740966823875,0.022075343107139756,0.005321397781372084,-0.004654114246368413,-0.02091274060308934,0.012463720474998052,1.1548399925231934e-07,0.008164313433748082,0.32156948622656384
32,0.4252530634403229,-0.1087189391255378,targeted,0.015,-0.005,0.0,1,0.03552308306097984,0,0.005994389684250416,0.022258489326097277,0.002959474325180067,-0.004655000865459447,-0.021564156040549287,0.012483368845946932,-5.153939127922058e-06,0.024542007164308748,0.3228305210653624
67,0.4106421172618866,-0.1034040749073028,targeted,0.015,-0.005,0.0,1,0.037347082048654556,0,0.005691891872190925,0.022197829897626732,0.005509778261184706,-0.0047863769531250044,-0.020963696986436853,0.012469501702399428,-2.3301690816879272e-06,0.01006064255087929,0.3216443994310379
14,0.4063156247138977,-0.0965389907360076,original,0.015,-0.005,0.005,1,0.039500731974840164,0,0.008048505040539588,0.0207412006452221,0.010513111352920546,-0.006512311398983006,-0.016651176959276204,0.012674116313787639,-3.028661012649536e-06,0.00621544203674034,0.3225159110603525
27,0.4140132665634155,-0.096694678068161,original,0.015,-0.005,0.005,1,0.038622889667749405,0,0.007895196353337422,0.020686395971850232,0.009964569807052626,-0.006443140208721165,-0.016944623664021496,0.012681570284124906,-3.0174851417541504e-06,0.00709493288140473,0.32297010547175525
28,0.4204081296920776,-0.1092793270945549,targeted,0.015,-0.005,0.005,1,0.03631718456745148,0,0.005896538396076382,0.01732725257501081,0.0032306456565857067,-0.0043337094783783,-0.016462550610303883,0.012512749977815955,-4.8764050006866455e-06,0.016715192121774216,0.322492379665176
29,0.4126269817352295,-0.1127190440893173,targeted,0.015,-0.005,0.005,1,0.03791622444987297,0,0.0058907740966823875,0.01735398696840849,0.004375025033950819,-0.004358974397182469,-0.016217871680855755,0.012515507919256014,1.1548399925231934e-07,0.011306678200923624,0.32215089304063155
32,0.4252530634403229,-0.1087189391255378,targeted,0.015,-0.005,0.005,1,0.03552308306097984,0,0.005994389684250416,0.017637359910023836,0.002300306558609022,-0.004279968440532689,-0.016954849585890774,0.012529421424137486,-5.153939127922058e-06,0.021599774738696034,0.32325423205223813
67,0.4106421172618866,-0.1034040749073028,targeted,0.015,-0.005,0.005,1,0.037347082048654556,0,0.005691891872190925,0.017386489998888872,0.004641964435577406,-0.004462425708770756,-0.016150199919939046,0.012522131038373418,-2.3301690816879272e-06,0.013804489784102272,0.32215622009037304
14,0.4063156247138977,-0.0965389907360076,original,0.015,-0.005,0.01,1,0.039500731974840164,0,0.008048505040539588,0.016688777680885912,0.009262129068374647,-0.006278810203075413,-0.012381631880998611,0.012716605268698831,-3.028661012649536e-06,0.010567178455502186,0.3232556169696269
27,0.4140132665634155,-0.096694678068161,original,0.015,-0.005,0.01,1,0.038622889667749405,0,0.007895196353337422,0.01648259770396496,0.008373751640319838,-0.0062218728661537215,-0.012761058285832405,0.012725895137777901,-3.0174851417541504e-06,0.00566928563213659,0.3237969003531981
28,0.4204081296920776,-0.1092793270945549,targeted,0.015,-0.005,0.01,1,0.03632752597332001,0,0.00589655350719263,0.012627339161812957,0.0024429702758789196,-0.004172344803810124,-0.011665038764476776,0.012552636964925212,-3.3229589462280273e-06,0.015417413312205109,0.32290386899379514
29,0.4126269817352295,-0.1127190440893173,targeted,0.015,-0.005,0.01,1,0.03791622444987297,0,0.0058907740966823875,0.01246803327138201,0.0033197844028473034,-0.0043247985839843794,-0.011212805286049843,0.01255601167644293,1.1548399925231934e-07,0.013654831243741408,0.3225077163210406
32,0.4252530634403229,-0.1087189391255378,targeted,0.015,-0.005,0.01,1,0.03552308306097984,0,0.005994389684250416,0.012842632840486463,0.001865639686584486,-0.004030537903308873,-0.012050202116370201,0.012555471774316252,-5.153939127922058e-06,0.01811155740815979,0.3233884329609137
67,0.4106421172618866,-0.1034040749073028,targeted,0.015,-0.005,0.01,1,0.037347082048654556,0,0.005691891872190925,0.012487428835548386,0.003604754209518446,-0.004431930482387547,-0.011104036122560501,0.012569609510189603,-2.3301690816879272e-06,0.01583122339449273,0.32249655252170983
14,0.4063156247138977,-0.0965389907360076,original,0.015,0.0,0.0,1,0.039500731974840164,0,0.008048505040539588,0.024518407177825267,0.011528834104537977,-0.005497775971889496,-0.02092875376343728,0.012620995841855357,-3.028661012649536e-06,0.013628309567261932,0.3218290604839693
27,0.4140132665634155,-0.096694678068161,original,0.015,0.0,0.0,1,0.038622889667749405,0,0.007895196353337422,0.024600130547413834,0.011465027332305922,-0.005503982305526733,-0.0210576767474413,0.012621389170887643,-3.0174851417541504e-06,0.020142576208280794,0.3221335584713279
28,0.4204081296920776,-0.1092793270945549,targeted,0.015,0.0,0.0,1,0.03632752597332001,0,0.00589655350719263,0.021824732468747724,0.004317238330841078,-0.004054941236972809,-0.021005662381649026,0.01239630772015148,-3.3229589462280273e-06,0.024028606401872987,0.3219795815757856
29,0.4126269817352295,-0.1127190440893173,targeted,0.015,0.0,0.0,1,0.03791622444987297,0,0.0058907740966823875,0.021954419485727822,0.005314781665802015,-0.004048928618431091,-0.020913053527474412,0.012368194039506043,1.1548399925231934e-07,0.016837015271975998,0.3216984735369242
32,0.4252530634403229,-0.1087189391255378,targeted,0.015,0.0,0.0,1,0.03552308306097984,0,0.005994389684250416,0.022084340635314326,0.0031911277770996227,-0.004025362432003021,-0.0214786233752966,0.012424208448472595,-5.153939127922058e-06,0.02814747181342427,0.32231399178606296
67,0.4106421172618866,-0.1034040749073028,targeted,0.015,0.0,0.0,1,0.037347082048654556,0,0.005691891872190925,0.02205194106681667,0.005472584962844862,-0.0041590481996536255,-0.02095331087708474,0.01235630407621429,-2.3301690816879272e-06,0.015500489031406372,0.3216388979734921
14,0.4063156247138977,-0.0965389907360076,original,0.015,0.0,0.005,1,0.039500731974840164,0,0.008048505040539588,0.020436616265753774,0.01061443924903871,-0.005334116518497467,-0.016629376560449605,0.012658904726331056,-3.028661012649536e-06,0.012626703038270867,0.32244753379473867
27,0.4140132665634155,-0.096694678068161,original,0.015,0.0,0.005,1,0.038622889667749405,0,0.007895196353337422,0.020370943832624427,0.010035827159881605,-0.005352213978767395,-0.016900039389729504,0.012658215573643602,-3.0174851417541504e-06,0.019547880507948104,0.3231042467140365
28,0.4204081296920776,-0.1092793270945549,targeted,0.015,0.0,0.005,1,0.03632752597332001,0,0.00589655350719263,0.01722109881575414,0.0034998500347137584,-0.003793857991695404,-0.016429361999034886,0.012431530941213373,-3.3229589462280273e-06,0.023031605525162296,0.3225935643366225
29,0.4126269817352295,-0.1127190440893173,targeted,0.015,0.0,0.005,1,0.03791622444987297,0,0.0058907740966823875,0.017220876464309105,0.004452332258224501,-0.0037909671664237976,-0.016197650805115704,0.012406491555794682,1.1548399925231934e-07,0.015911437819127322,0.3222102944262533
32,0.4252530634403229,-0.1087189391255378,targeted,0.015,0.0,0.005,1,0.03552308306097984,0,0.005994389684250416,0.017534191940719448,0.002649410963058485,-0.003739774227142334,-0.016924615129828458,0.012460745976899178,-5.153939127922058e-06,0.028545952167951902,0.3234019937230274
67,0.4106421172618866,-0.1034040749073028,targeted,0.015,0.0,0.005,1,0.037347082048654556,0,0.005691891872190925,0.017262827414599235,0.004658415317535414,-0.0038734376430511475,-0.016164803057909016,0.012395696218479847,-2.3301690816879272e-06,0.01616303930388247,0.3221919513536252
14,0.4063156247138977,-0.0965389907360076,original,0.015,0.0,0.01,1,0.039500731974840164,0,0.008048505040539588,0.016351676157744244,0.009348615407943739,-0.005173578858375549,-0.012377995997667313,0.012699009477273359,-3.028661012649536e-06,0.012936087890188394,0.32319719108522993
27,0.4140132665634155,-0.096694678068161,original,0.015,0.0,0.01,1,0.038622889667749405,0,0.007895196353337422,0.01616718141478475,0.008498861789703382,-0.005194544792175293,-0.01273435540497303,0.012702454967776725,-3.0174851417541504e-06,0.013759035492532578,0.3238238336625385
28,0.4204081296920776,-0.1092793270945549,targeted,0.015,0.0,0.01,1,0.03632752597332001,0,0.00589655350719263,0.012509505464934593,0.002687945365905775,-0.00367572158575058,-0.011651255190372467,0.01245703134569265,-3.3229589462280273e-06,0.025404943304124693,0.32319618693907987
29,0.4126269817352295,-0.1127190440893173,targeted,0.015,0.0,0.01,1,0.03791622444987297,0,0.0058907740966823875,0.01233340896043019,0.003422513008117689,-0.0038173869252204895,-0.011217260733246803,0.012432630045704801,1.1548399925231934e-07,0.015640371992501827,0.3225688450592966
32,0.4252530634403229,-0.1087189391255378,targeted,0.015,0.0,0.01,1,0.03552308306097984,0,0.005994389684250416,0.012726773022696914,0.002156748771667494,-0.003539860248565674,-0.012032812461256981,0.01248186780203124,-5.153939127922058e-06,0.028545250801265985,0.32380432039024115
67,0.4106421172618866,-0.1034040749073028,targeted,0.015,0.0,0.01,1,0.037347082048654556,0,0.005691891872190925,0.012361584206756348,0.003693267107009901,-0.003886595368385315,-0.011138353496789932,0.012429482751260431,-2.3301690816879272e-06,0.016680575728163175,0.3225166304123737
14,0.4063156247138977,-0.0965389907360076,original,0.015,0.005,0.0,1,0.039500731974840164,0,0.008048505040539588,0.02425113506601539,0.011704906225204481,-0.0039004784822463945,-0.020878194123506555,0.012581101978162059,-3.028661012649536e-06,0.0203303414533072,0.32185284431586453
27,0.4140132665634155,-0.096694678068161,original,0.015,0.005,0.0,1,0.038622889667749405,0,0.007895196353337422,0.024355917713135184,0.01172457575798036,-0.003896812796592708,-0.02098951883614064,0.012566181071574452,-3.0174851417541504e-06,0.021539012159132457,0.32193473811925355
28,0.4204081296920776,-0.1092793270945549,targeted,0.015,0.005,0.0,1,0.03632752597332001,0,0.00589655350719263,0.021673872339597854,0.004598631858825697,-0.003304178714752193,-0.020921083390712747,0.012397977502492852,-3.3229589462280273e-06,0.020183992733413918,0.3214263658957425
29,0.4126269817352295,-0.1127190440893173,targeted,0.015,0.005,0.0,1,0.03791622444987297,0,0.0058907740966823875,0.02182815769205938,0.00529415845870973,-0.003395411074161525,-0.0209024289995432,0.012356872449688592,1.1548399925231934e-07,0.02087234789494326,0.32158276586724466
32,0.4252530634403229,-0.1087189391255378,targeted,0.015,0.005,0.0,1,0.036105599254369736,0,0.006104869950536488,0.021790548546799515,0.0029025816917419567,-0.0033756223320960954,-0.021330921202898034,0.012449751628970282,1.3792887330055237e-05,0.014560297245692303,0.3217332556750027
67,0.4106421172618866,-0.1034040749073028,targeted,0.015,0.005,0.0,1,0.037347082048654556,0,0.005691891872190925,0.021916689245714813,0.005419268608093275,-0.0034851607680320695,-0.020948184877634057,0.012337126536480046,-2.3301690816879272e-06,0.021864415725077305,0.3216905599550211
14,0.4063156247138977,-0.0965389907360076,original,0.015,0.005,0.005,1,0.039500731974840164,0,0.008048505040539588,0.0201509710379664,0.010777040719985975,-0.0037569728493690446,-0.016607293039560322,0.012627034772038238,-3.028661012649536e-06,0.01953459650172167,0.3224846931097938
27,0.4140132665634155,-0.096694678068161,original,0.015,0.005,0.005,1,0.038622889667749405,0,0.007895196353337422,0.020169099227663457,0.010414972305297865,-0.0037742134928703264,-0.01685456104576588,0.012611801182156938,-3.0174851417541504e-06,0.02462590263111035,0.3231100231397917
28,0.4204081296920776,-0.1092793270945549,targeted,0.015,0.005,0.005,1,0.037229251116514206,0,0.006047451775747394,0.01704247575658722,0.0035902404785156383,-0.0031321373581886247,-0.01636294193565846,0.012428407032629376,-3.748200833797455e-05,0.02011443663209164,0.32222811906581095
29,0.4126269817352295,-0.1127190440893173,targeted,0.015,0.005,0.005,1,0.03791622444987297,0,0.0058907740966823875,0.017077987734535352,0.004478528499603285,-0.0031410408020019487,-0.016178204789757733,0.012382428599659311,1.1548399925231934e-07,0.021682884527795026,0.3221999229421197
32,0.4252530634403229,-0.1087189391255378,targeted,0.015,0.005,0.005,1,0.03552308306097984,0,0.005994389684250416,0.017443797568441437,0.0029660010337829723,-0.0031051886081695512,-0.01690700195729733,0.012467762678252333,-5.153939127922058e-06,0.020510967657517955,0.3226984242812108
67,0.4106421172618866,-0.1034040749073028,targeted,0.015,0.005,0.005,1,0.037347082048654556,0,0.005691891872190925,0.017135202252937687,0.004632844924926771,-0.003229225873947139,-0.016177886277437215,0.0123651853691017,-2.3301690816879272e-06,0.022692728502894687,0.3223118706805361
14,0.4063156247138977,-0.0965389907360076,original,0.015,0.005,0.01,1,0.039500731974840164,0,0.008048505040539588,0.016041030140038347,0.009540035724639906,-0.003625671267509456,-0.012375656515359879,0.012672331121528723,-3.028661012649536e-06,0.01687967736141754,0.32317517036045307
27,0.4140132665634155,-0.096694678068161,original,0.015,0.005,0.01,1,0.038622889667749405,0,0.007895196353337422,0.0159662155745092,0.009013726711273207,-0.003652582764625545,-0.01266220398247242,0.012661648202145433,-3.0174851417541504e-06,0.025638253941468434,0.32405061147050845
28,0.4204081296920776,-0.1092793270945549,targeted,0.015,0.005,0.01,1,0.03632752597332001,0,0.00589655350719263,0.01239463957322627,0.0029664480686187877,-0.00301843404769897,-0.011649735271930695,0.012444157217872861,-3.3229589462280273e-06,0.021276039919670527,0.32278227087837796
29,0.4126269817352295,-0.1127190440893173,targeted,0.015,0.005,0.01,1,0.03791622444987297,0,0.0058907740966823875,0.012202788572313127,0.0035334670543670788,-0.00315372914075851,-0.011246183887124062,0.012404350523930074,1.043081283569336e-07,0.022441223225092635,0.32269814769426347
32,0.4252530634403229,-0.1087189391255378,targeted,0.015,0.005,0.01,1,0.03552308306097984,0,0.005994389684250416,0.01259559144215639,0.0023956441879272594,-0.002899589836597438,-0.012020906433463097,0.012482557067700201,-5.153939127922058e-06,0.02433366228653926,0.3232700879168171
67,0.4106421172618866,-0.1034040749073028,targeted,0.015,0.005,0.01,1,0.037347082048654556,0,0.005691891872190925,0.012232255436116665,0.003760083913803114,-0.003211448788642879,-0.01118822768330574,0.012387775597413343,-2.3301690816879272e-06,0.022353130988473132,0.3226708101331454
