episode,global_step,episode_reward,episode_length,success,final_distance,moving_reward_20,success_rate_20,alpha,critic_loss,actor_loss
1,120,-33.843010129332534,120,0,0.24016395211219788,-33.843010129332534,0.0,0.20000000298023224,0.0,0.0
2,240,-31.105661117285464,120,0,0.24455036222934723,-32.474335623309,0.0,0.20000000298023224,0.0,0.0
3,360,-37.941028764750804,120,0,0.3188237249851227,-34.296566670456265,0.0,0.20000000298023224,0.0,0.0
4,480,-31.730260260403146,120,0,0.2477256804704666,-33.65499006794299,0.0,0.20000000298023224,0.0,0.0
5,600,-52.34460013050586,120,0,0.42496970295906067,-37.39291208045556,0.0,0.20000000298023224,0.0,0.0
6,720,-35.500896793361754,120,0,0.23257218301296234,-37.07757619927326,0.0,0.20000000298023224,0.0,0.0
7,840,-32.85955994762481,120,0,0.22231604158878326,-36.47500244903777,0.0,0.20000000298023224,0.0,0.0
8,960,-41.275774972904465,120,0,0.32940366864204407,-37.07509901452111,0.0,0.20000000298023224,0.0,0.0
9,1080,-19.91460065901279,120,0,0.14670896530151367,-35.16837697502019,0.0,0.19519388675689697,0.012857690453529358,-0.20631206035614014
10,1200,-44.392062009349466,120,0,0.3461171090602875,-36.090745478453115,0.0,0.1882898062467575,0.005726474802941084,-0.2174535095691681
11,1320,-46.402820932939655,120,0,0.3019093871116638,-37.02820688340643,0.0,0.1816300004720688,0.008254894986748695,-0.2355174422264099
12,1440,-30.764868159294124,120,0,0.19175539910793304,-36.50626198973041,0.0,0.17521028220653534,0.003751752432435751,-0.27178338170051575
13,1560,-53.96784682326018,120,0,0.41215604543685913,-37.84946082307885,0.0,0.16901573538780212,0.004098053090274334,-0.27147769927978516
14,1680,-18.13229507222771,120,0,0.07263119518756866,-36.441091840875195,0.0,0.16304732859134674,0.004300504922866821,-0.2552553117275238
15,1800,-29.077100867554552,120,0,0.19257141649723053,-35.95015910932049,0.0,0.15728922188282013,0.003587649902328849,-0.27049508690834045
16,1920,-41.87312496900559,120,0,0.2677263021469116,-36.320344475550804,0.0,0.1517389863729477,0.0033439123071730137,-0.23933124542236328
17,2040,-38.35177916318179,120,0,0.21573595702648163,-36.43984063364674,0.0,0.14638617634773254,0.0039345272816717625,-0.2578909993171692
18,2160,-14.797706320490684,120,0,0.12652157247066498,-35.2374998384714,0.0,0.14123187959194183,0.0040068961679935455,-0.29203319549560547
19,2280,-21.843559071086368,120,0,0.0884971171617508,-34.5325555875564,0.0,0.13625667989253998,0.0036851007025688887,-0.23737993836402893
20,2400,-24.969397184439007,120,0,0.12175081670284271,-34.05439766740053,0.0,0.1314568817615509,0.002866065129637718,-0.30845215916633606
21,2520,-30.30574846073984,120,0,0.16835111379623413,-33.8775345839709,0.0,0.12683971226215363,0.002127646002918482,-0.2209281623363495
22,2640,-38.93343417011201,120,0,0.22356216609477997,-34.26892323661223,0.0,0.1223885789513588,0.00256114499643445,-0.22075717151165009
23,2760,-19.60937191575766,120,0,0.09558939188718796,-33.352340394162574,0.0,0.11809585988521576,0.0024430956691503525,-0.17658980190753937
24,2880,-24.251511670779443,120,0,0.16628523170948029,-32.97840296468139,0.0,0.11396471410989761,0.00297638145275414,-0.2600198984146118
25,3000,-27.866979461312305,120,0,0.214409738779068,-31.75452193122171,0.0,0.10998790711164474,0.003657277673482895,-0.12075518816709518
26,3120,-29.905622861385343,120,0,0.17228761315345764,-31.47475823462289,0.0,0.10614524781703949,0.0026077451184391975,-0.2362854927778244
27,3240,-25.99648828297852,120,0,0.08534527570009232,-31.131604651390575,0.0,0.10245068371295929,0.0028807385824620724,-0.20296898484230042
28,3360,-12.613514225408437,120,0,0.14425252377986908,-29.69849161401578,0.0,0.09888589382171631,0.00292015983723104,-0.07373535633087158
29,3480,-25.301167711690074,120,0,0.08765190094709396,-29.967819966649635,0.0,0.09545745700597763,0.0027399857062846422,-0.09556535631418228
30,3600,-14.428193385936323,120,0,0.11369150131940842,-28.469626535478977,0.0,0.09215191006660461,0.002557093743234873,-0.09190317988395691
31,3720,-33.265477167852204,120,0,0.28104647994041443,-27.812759347224606,0.0,0.08897367864847183,0.002759740687906742,0.0024068858474493027
32,3840,-28.425222424492237,120,0,0.09061716496944427,-27.695777060484517,0.0,0.08590824902057648,0.002862935420125723,0.029664847999811172
33,3960,-16.312961495295156,120,0,0.10850544273853302,-25.81303279408626,0.0,0.0829559937119484,0.00224759872071445,0.15562646090984344
34,4080,-25.31546096727252,120,0,0.19429509341716766,-26.172191088838503,0.0,0.0801163762807846,0.0025487695820629597,0.017183594405651093
35,4200,-22.364969964884207,120,0,0.07403138279914856,-25.83658454370498,0.0,0.07737115770578384,0.002092792419716716,0.10057970136404037
36,4320,-20.690026605390013,120,0,0.1525585651397705,-24.777429625524206,0.0,0.07473956048488617,0.002222001552581787,0.10618189722299576
37,4440,-18.656676734462373,120,0,0.11517079919576645,-23.79267450408824,0.0,0.07219977676868439,0.0018790934700518847,-0.00202241912484169
38,4560,-15.29457300480455,120,0,0.15918390452861786,-23.81751783830393,0.0,0.06975381821393967,0.0028443217743188143,0.3262208104133606
39,4680,-16.667091048806906,120,0,0.07432258874177933,-23.558694437189956,0.0,0.06739984452724457,0.0026423772796988487,0.19756120443344116
40,4800,-17.83237591486424,120,0,0.07462954521179199,-23.20184337371122,0.0,0.06513933837413788,0.002258376684039831,0.2292509377002716
41,4920,-14.661092478334911,120,0,0.07976090908050537,-22.419610574590973,0.0,0.06296384334564209,0.0032859258353710175,0.15565529465675354
42,5040,-17.44352615160401,120,0,0.12275519222021103,-21.345115173665576,0.0,0.06086953729391098,0.00272491667419672,0.15457433462142944
43,5160,-15.755897118151184,120,0,0.08503972738981247,-21.15244143378525,0.0,0.05885391682386398,0.001951450016349554,0.23962795734405518
44,5280,-15.477421976812181,120,0,0.06719791144132614,-20.713736949086886,0.0,0.05692011117935181,0.002899151062592864,0.1943206489086151
45,5400,-20.984524437077337,120,0,0.16107968986034393,-20.369614197875137,0.0,0.0550491027534008,0.0024127443321049213,0.24226677417755127
46,5515,-15.150655351132148,115,1,0.03172757849097252,-19.631865822362478,0.05,0.053314827382564545,0.0024200440384447575,0.09123237431049347
47,5579,-4.486600714921955,64,1,0.034312449395656586,-18.556371443959648,0.1,0.052378736436367035,0.0032734728883951902,0.21370463073253632
48,5676,-10.230370087698109,97,1,0.034373704344034195,-18.437214237074134,0.15,0.05098535493016243,0.004087706562131643,0.3557583689689636
49,5735,-2.8766800235211853,59,1,0.03305776044726372,-17.31598985266569,0.2,0.05016585811972618,0.0030869694892317057,0.35245734453201294
50,5855,-23.310554859340193,120,0,0.21222566068172455,-17.760107926335884,0.2,0.048550814390182495,0.0883539542555809,0.2229032814502716
51,5975,-16.657695690854457,120,0,0.11421108990907669,-16.929718852485994,0.2,0.046988651156425476,0.003720520529896021,0.5293818712234497
52,6095,-21.411520714685324,120,0,0.1847757250070572,-16.579033766995646,0.2,0.04548162221908569,0.005445224232971668,0.35744211077690125
53,6215,-23.008032515868553,120,0,0.2023288756608963,-16.913787318024315,0.2,0.04402479529380798,0.005632538348436356,0.359189510345459
54,6335,-23.847284690141677,120,0,0.25567567348480225,-16.840378504167774,0.2,0.04263569042086601,0.0062826951034367085,0.2096550017595291
55,6455,-13.68243220873177,120,0,0.15620550513267517,-16.406251616360155,0.2,0.04128008708357811,0.005069286562502384,0.22468537092208862
56,6575,-19.88077754452824,120,0,0.17106233537197113,-16.365789163317068,0.2,0.03996433690190315,0.005158509127795696,0.6329557299613953
57,6695,-18.816273243017495,120,0,0.2335219383239746,-16.37376898874482,0.2,0.03870082274079323,0.004679515492171049,0.6233048439025879
58,6815,-18.576741732507944,120,0,0.15646827220916748,-16.537877425129995,0.2,0.03747907280921936,0.11835254728794098,0.465842068195343
59,6935,-16.539853198584165,120,0,0.11860180646181107,-16.531515532618858,0.2,0.03629535436630249,0.1448993980884552,0.4061879515647888
60,7055,-19.36409669727086,120,0,0.1684340536594391,-16.608101571739187,0.2,0.035151392221450806,0.005099193193018436,0.28898850083351135
61,7108,-3.3145891767740236,53,1,0.0342976413667202,-16.04077640666114,0.25,0.034660324454307556,0.00789637491106987,0.5287232398986816
62,7228,-20.22033199347557,120,0,0.13908198475837708,-16.179616698754717,0.25,0.03356272727251053,0.004973152652382851,0.4950377345085144
63,7348,-16.59448215588927,120,0,0.13769090175628662,-16.22154595064162,0.25,0.032515186816453934,0.00728179095312953,0.3659140169620514
64,7468,-20.46718105874955,120,0,0.15671873092651367,-16.471033904738487,0.25,0.03150942921638489,0.005036923103034496,0.8642939329147339
65,7588,-13.394560905657707,120,0,0.10860741138458252,-16.09153572816751,0.25,0.030530162155628204,0.006975084543228149,0.5442507863044739
66,7708,-14.928426678627734,120,0,0.13450343906879425,-16.08042429454229,0.2,0.029584448784589767,0.0065495045855641365,0.481334924697876
67,7828,-13.347058887295416,120,0,0.09005070477724075,-16.523447203160963,0.15,0.028662053868174553,0.005858288146555424,0.484529584646225
68,7877,-2.7599350121617334,49,1,0.03372601792216301,-16.149925449384142,0.15,0.028289711102843285,0.0044871442951262,0.6686879992485046
69,7997,-19.965900787264108,120,0,0.14117668569087982,-17.00438648757129,0.1,0.02741784043610096,0.006540728732943535,0.5657958388328552
70,8079,-6.3519542504847095,82,1,0.034831106662750244,-16.156456457128513,0.15,0.026832737028598785,0.008908005431294441,0.44668230414390564
71,8199,-9.443336629420521,120,0,0.07757685333490372,-15.79573850405682,0.15,0.02601322904229164,0.14317026734352112,0.7897463440895081
72,8319,-11.418967636553573,120,0,0.07640253007411957,-15.296110850150232,0.15,0.02521468698978424,0.08384542167186737,0.6732301115989685
73,8357,-1.2684462660551068,38,1,0.032519660890102386,-14.209131537659559,0.2,0.024966498836874962,0.005306837148964405,0.7973839044570923
74,8383,2.690847810506821,26,1,0.03261110186576843,-12.882224912627134,0.25,0.024800535291433334,0.14577817916870117,0.7675782442092896
75,8423,-1.7353901017829783,40,1,0.03246114403009415,-12.284872807279694,0.3,0.02454763650894165,0.007212805561721325,0.7871440052986145
76,8462,-1.368650621250274,39,1,0.03320020064711571,-11.359266461115794,0.35,0.024299008771777153,0.009145742282271385,0.7403562068939209
77,8494,0.743511909246446,32,1,0.031793463975191116,-10.381277203502599,0.4,0.02410302124917507,0.01455689873546362,0.6291349530220032
78,8614,-12.608900366798046,120,0,0.10007186233997345,-10.082885135217104,0.4,0.023385483771562576,0.008868111297488213,0.8170378804206848
79,8734,-12.618205083459623,120,0,0.14958523213863373,-9.886802729460879,0.4,0.022689275443553925,0.006733865011483431,0.6254234910011292
80,8854,-11.357830795049674,120,0,0.06946088373661041,-9.486489434349817,0.4,0.022010864689946175,0.010044535622000694,0.5599841475486755
81,8889,-0.11381015881895795,35,1,0.030872037634253502,-9.326450483452065,0.4,0.02181667648255825,0.00771077536046505,0.5661364197731018
82,8918,1.4369677664339542,29,1,0.028908759355545044,-8.243585495456589,0.45,0.021656882017850876,0.00923891831189394,0.8181890249252319
83,8940,2.9977194154262543,22,1,0.030386967584490776,-7.263975416890811,0.5,0.02153712883591652,0.008296825923025608,0.3964895009994507
84,9060,-16.791501220464706,120,0,0.171321302652359,-7.080191424976569,0.5,0.020912010222673416,0.010605737566947937,0.745852530002594
85,9180,-18.381969110015792,120,0,0.13611723482608795,-7.329561835194474,0.5,0.02030918374657631,0.007443098351359367,0.5523151159286499
86,9300,-14.173031358029704,120,0,0.09876014292240143,-7.291792069164572,0.5,0.019732847809791565,0.015987630933523178,0.7836228609085083
87,9420,-14.613222637362774,120,0,0.10005717724561691,-7.35510025666794,0.5,0.01917743869125843,0.05335165560245514,0.6251327991485596
88,9540,-17.10466934381052,120,0,0.13743191957473755,-8.07233697325038,0.45,0.018633801490068436,0.0915507823228836,0.5750700235366821
89,9575,0.050116240680219803,35,1,0.033520326018333435,-7.071536121853162,0.5,0.018475260585546494,0.008860291913151741,0.927489161491394
90,9621,-2.4175880135595778,46,1,0.03460289165377617,-6.874817810006907,0.5,0.018273137509822845,0.010851606726646423,0.6597481369972229
91,9741,-15.416148148179051,120,0,0.10357541590929031,-7.1734583859448335,0.5,0.017765438184142113,0.03316869959235191,0.6365095376968384
92,9861,-14.805409143306324,120,0,0.09761003404855728,-7.34278046128247,0.5,0.017281778156757355,0.010200519114732742,0.8702691793441772
93,9981,-16.88699087300338,120,0,0.12268766760826111,-8.123707691629885,0.45,0.01681242510676384,0.0098723154515028,0.8121299743652344
94,10101,-17.552293146699657,120,0,0.14109502732753754,-9.13586473949021,0.4,0.016350047662854195,0.20327621698379517,0.776983916759491
95,10221,-14.399911860488348,120,0,0.11830535531044006,-9.769090827425478,0.35,0.015895217657089233,0.01015542820096016,0.7198596596717834
96,10341,-12.133390864729883,120,0,0.07072354108095169,-10.307327839599457,0.3,0.015467283315956593,0.10149693489074707,0.7336094975471497
97,10461,-12.620462629720564,120,0,0.1198989525437355,-10.975526566547808,0.25,0.01504215132445097,0.011165374889969826,0.7124812006950378
98,10581,-10.362900251522662,120,0,0.06363492459058762,-10.863226560784037,0.25,0.01463917177170515,0.008993132039904594,0.7930847406387329
99,10629,0.3041451932489867,48,1,0.03496624156832695,-10.217109046948607,0.3,0.014485299587249756,0.11308196932077408,0.8514062762260437
100,10749,-13.893322531357411,120,0,0.09783118963241577,-10.343883633763994,0.3,0.014115600846707821,0.16415934264659882,0.3983253538608551
101,10809,-3.410522451438009,60,1,0.03319166973233223,-10.508719248394945,0.3,0.01393452100455761,0.010733477771282196,0.7438204288482666
102,10853,-3.181505571976305,44,1,0.034009985625743866,-10.73964291531546,0.3,0.01380976103246212,0.00892618764191866,0.8117260932922363
103,10973,-17.87202683805953,120,0,0.19353164732456207,-11.783130227989748,0.25,0.01348438486456871,0.010433455929160118,0.8220536708831787
104,11093,-10.099811208024622,120,0,0.06487497687339783,-11.448545727367746,0.25,0.013156408444046974,0.009636590257287025,0.8550651669502258
105,11213,-10.129977457839997,120,0,0.08299490809440613,-11.035946144758956,0.25,0.012857156805694103,0.01116214320063591,0.6041812896728516
106,11291,-2.863410155177114,78,1,0.03292248025536537,-10.470465084616325,0.3,0.012647714465856552,0.010176173411309719,0.9208874702453613
107,11326,-0.08714618861675483,35,1,0.032311052083969116,-9.744161262179023,0.35,0.012561064213514328,0.01258944533765316,0.711737871170044
108,11348,2.9676689358055586,22,1,0.03471284359693527,-8.74054434819822,0.4,0.012501931749284267,0.011652323417365551,0.7853536605834961
109,11389,0.07463572338223479,41,1,0.03415754809975624,-8.73931837406312,0.4,0.012391291558742523,0.11657886952161789,0.8096046447753906
110,11427,-1.1426141102611993,38,1,0.03039393201470375,-8.675569678898201,0.4,0.01228940486907959,0.013302266597747803,0.7418224811553955
111,11490,-4.67638796299696,63,1,0.03393736109137535,-8.138581669639096,0.45,0.012129965238273144,0.18767870962619781,0.7033153772354126
112,11515,2.1879298469424246,25,1,0.02782571315765381,-7.288914720126658,0.5,0.012065776623785496,0.014689458534121513,0.7684832811355591
113,11550,0.3738706789910786,35,1,0.03327303007245064,-6.425871642526937,0.55,0.01197577454149723,0.09933890402317047,0.8035945892333984
114,11670,-12.45252927426249,120,0,0.11956842988729477,-6.170883448905078,0.55,0.011675373651087284,0.014232893474400043,0.6848444938659668
115,11697,1.8793892942368982,27,1,0.034776002168655396,-5.356918391168816,0.6,0.011612842790782452,0.09670719504356384,0.7308409810066223
116,11728,1.0649202242493625,31,1,0.028162876144051552,-4.697002836719853,0.65,0.011543814092874527,0.13407379388809204,0.6513700485229492
117,11777,-2.237629207074643,49,1,0.027711156755685806,-4.177861165587558,0.7,0.011425526812672615,0.10093653202056885,0.6240750551223755
118,11897,-15.1998825942725,120,0,0.12028323113918304,-4.41971028272505,0.7,0.01117087621241808,0.16903452575206757,0.8222718238830566
119,11921,2.4074743030965333,24,1,0.034854304045438766,-4.314543827232672,0.7,0.011117571033537388,0.09182173758745193,0.6222835779190063
120,11945,2.6338513964414596,24,1,0.03193755820393562,-3.4881851308427287,0.75,0.011061619035899639,0.01746690459549427,0.8211817741394043
121,11964,3.2522180971503256,19,1,0.029105566442012787,-3.1550481034133124,0.75,0.011017616838216782,0.05828772112727165,0.4485512375831604
122,12084,-10.115185665823518,120,0,0.06178196892142296,-3.501732108105672,0.7,0.010748612694442272,0.012152627110481262,0.806111216545105
123,12119,-0.42308014482259715,35,1,0.03200577571988106,-2.629284773443826,0.75,0.010679668746888638,0.09579630941152573,0.8101946115493774
124,12154,-0.4690124946832652,35,1,0.03236054629087448,-2.147744837776758,0.8,0.010609026066958904,0.02049151062965393,0.6959094405174255
125,12223,-3.251210854128007,69,1,0.03419997915625572,-1.8038065075911587,0.85,0.010481799021363258,0.013612603768706322,0.5432517528533936
126,12254,1.3580219461023808,31,1,0.03415314853191376,-1.592734902527184,0.85,0.01042559091001749,0.09320251643657684,0.4883713722229004
127,12284,0.7275898879766478,30,1,0.03231651335954666,-1.5519980986975137,0.85,0.010372083634138107,0.22356170415878296,0.699927568435669
128,12327,-1.4779064150154575,43,1,0.03485085070133209,-1.7742768662385644,0.85,0.010290224105119705,0.04576226696372032,1.0154900550842285
129,12392,0.5565138854831426,65,1,0.034924618899822235,-1.7501829581335187,0.85,0.01018105261027813,0.04653576761484146,0.6579676866531372
130,12448,-2.9670774352550513,56,1,0.033034875988960266,-1.8414061243832116,0.85,0.010081401094794273,0.19537502527236938,0.6105411052703857
131,12568,-8.650402853637928,120,0,0.05165227875113487,-2.0401068689152604,0.8,0.00988098420202732,0.07959537208080292,0.8572360873222351
132,12688,-8.441429544258861,120,0,0.07279055565595627,-2.5715748384753243,0.75,0.009721287526190281,0.12151239067316055,0.3179590404033661
133,12808,-15.775410284958786,120,0,0.13825778663158417,-3.3790388866728174,0.7,0.00955232698470354,0.07412747293710709,0.5210135579109192
134,12928,-12.20856049959548,120,0,0.07572309672832489,-3.3668404479394676,0.7,0.009379436261951923,0.025768857449293137,0.4805198907852173
135,12959,1.7261684498935939,31,1,0.03208933770656586,-3.374501490156633,0.7,0.009331568144261837,0.14609293639659882,0.7003265619277954
136,13003,-1.1214017066359547,44,1,0.030906135216355324,-3.4838175867008987,0.7,0.009263497777283192,0.2580574154853821,0.48847347497940063
137,13035,1.386502504050732,32,1,0.03372789919376373,-3.302611001144629,0.7,0.009219452738761902,0.014379661530256271,0.593715488910675
138,13155,-15.892685319781304,120,0,0.1017245203256607,-3.3372511374200697,0.7,0.009058749303221703,0.01634027436375618,0.47776108980178833
139,13174,3.1382822383940217,19,1,0.02866380289196968,-3.3007107406551954,0.7,0.009037827141582966,0.06654377281665802,0.3409477770328522
140,13294,-13.243147517768673,120,0,0.09395569562911987,-4.094560686365702,0.65,0.008874306455254555,0.013009591028094292,0.6714650392532349
141,13414,-10.709408054128286,120,0,0.057842470705509186,-4.7926419939296325,0.6,0.008700060658156872,0.013264468871057034,0.5953537821769714
142,13448,1.6221923758089543,34,1,0.03488226979970932,-4.205773091848009,0.65,0.008649410679936409,0.013926848769187927,0.4049726724624634
143,13568,-7.450953965568913,120,0,0.058289818465709686,-4.557166782885325,0.6,0.008508733473718166,0.06688317656517029,0.5592247247695923
144,13602,0.26591889977455097,34,1,0.03353350982069969,-4.520420213162435,0.6,0.008465399965643883,0.01019083708524704,0.5137866735458374
145,13705,-9.068442288907246,103,1,0.03424352779984474,-4.8112817849013965,0.6,0.008353587239980698,0.022012552246451378,0.51995450258255
146,13825,-10.628156600035727,120,0,0.0513283796608448,-5.410590712208302,0.55,0.00820710975676775,0.046589627861976624,0.5128301382064819
147,13856,1.433680254667998,31,1,0.026667829602956772,-5.375286193873733,0.55,0.008166763931512833,0.04745926707983017,0.4745064675807953
148,13886,1.1340786270797234,30,1,0.03200438618659973,-5.2446869417689745,0.55,0.008136531338095665,0.11512736976146698,0.4555344581604004
149,13933,-1.3726196235418362,47,1,0.034356970340013504,-5.341143617220224,0.55,0.008075807243585587,0.0152262719348073,0.4729900360107422
150,13993,-1.2085963407903906,60,1,0.03427986428141594,-5.253219562496991,0.55,0.008017554879188538,0.02618051879107952,0.5134612917900085
151,14032,-1.2756171199679391,39,1,0.031101958826184273,-4.884480275813491,0.6,0.007988319732248783,0.07007912546396255,0.230157732963562
152,14152,-9.42644543970004,120,0,0.05790303647518158,-4.93373107058555,0.6,0.007860809564590454,0.06525199860334396,0.5871648788452148
153,14272,-17.25299761526287,120,0,0.08390109986066818,-5.007610437100754,0.6,0.007748786825686693,0.20713596045970917,0.27214017510414124
154,14307,0.21985838025808313,35,1,0.032962918281555176,-4.386189493108075,0.65,0.007715114392340183,0.11963200569152832,0.5034301280975342
155,14427,-13.439748039962721,120,0,0.14194200932979584,-5.144485317600891,0.6,0.007620243355631828,0.11466789245605469,0.29931706190109253
156,14460,-0.06280728325248042,33,1,0.0290512815117836,-5.091555596431718,0.6,0.0075826519168913364,0.01875695213675499,0.17423945665359497
157,14491,1.2319654126465323,31,1,0.03377527743577957,-5.099282451001928,0.6,0.007561230566352606,0.036106809973716736,0.221366748213768
158,14515,2.124953875988721,24,1,0.03275744244456291,-4.198400491213427,0.65,0.007545556407421827,0.01676757261157036,0.23364996910095215
159,14544,2.1564900769293307,29,1,0.034331806004047394,-4.2474900992866615,0.65,0.0075318096205592155,0.1028176099061966,0.48815691471099854
160,14605,-2.5618618113175025,61,1,0.03477143496274948,-3.7134258139641028,0.7,0.007482428103685379,0.06187686324119568,0.39656776189804077
161,14624,3.2663368926942353,19,1,0.031725671142339706,-3.0146385666229767,0.75,0.0074622188694775105,0.13693244755268097,0.20971107482910156
162,14649,2.442887741178275,25,1,0.030767496675252914,-2.973603798354511,0.75,0.007443653419613838,0.03998325765132904,0.30228185653686523
163,14681,0.0987988020479662,32,1,0.033227838575839996,-2.596116159973667,0.8,0.007428605109453201,0.012631449848413467,0.3966465890407562
164,14714,-0.06982353061437241,33,1,0.03218298405408859,-2.612903281493113,0.8,0.007414346560835838,0.026716286316514015,0.43929484486579895
165,14750,-1.230564751923085,36,1,0.031749945133924484,-2.2210094046439046,0.8,0.007386061362922192,0.01943419873714447,0.5246384143829346
166,14782,0.6689619280397894,32,1,0.02920381911098957,-1.6561534782401288,0.85,0.0073621575720608234,0.11752767860889435,0.18385598063468933
167,14805,2.098170003443957,23,1,0.02753124199807644,-1.6229289908013311,0.85,0.007345746736973524,0.13039875030517578,0.34019267559051514
168,14858,-1.3263622171431786,53,1,0.03311755508184433,-1.7459510330124761,0.85,0.007309212815016508,0.03143157809972763,0.3142790198326111
169,14888,0.9460567115247231,30,1,0.03433765470981598,-1.630017216259148,0.85,0.00727954413741827,0.09144587814807892,0.08068839460611343
170,14922,-0.35765773370862153,34,1,0.029509730637073517,-1.5874702859050598,0.85,0.007270826026797295,0.15799221396446228,0.42304402589797974
171,14962,-0.779355477541686,40,1,0.034287143498659134,-1.5626572037837472,0.85,0.007239845115691423,0.06209766864776611,0.2475443184375763
172,15010,-2.3514966549724354,48,1,0.03169669955968857,-1.208909764547367,0.9,0.007216373458504677,0.01617223024368286,0.4515429139137268
173,15053,0.1338246050849543,43,1,0.03365277126431465,-0.3395686535299758,0.95,0.007185905706137419,0.08750555664300919,0.21493540704250336
174,15081,1.4092475217580809,28,1,0.03256230801343918,-0.28009919645497583,0.95,0.00718629639595747,0.08432052284479141,0.22909928858280182
175,15103,3.0708520752191544,22,1,0.03401673957705498,0.5454308093041179,1.0,0.007166056428104639,0.17418064177036285,0.1426004320383072
176,15144,-0.23849935196340244,41,1,0.03367995098233223,0.5366462058685718,1.0,0.0071481019258499146,0.02243834175169468,0.10771005600690842
177,15187,-2.0035290184244507,43,1,0.030664995312690735,0.3748714843150227,1.0,0.007130440324544907,0.10596324503421783,0.16520996391773224
178,15215,1.4333857282996192,28,1,0.03052782639861107,0.34029307693056754,1.0,0.007112707477062941,0.04712267965078354,0.2783910036087036
179,15252,-0.2274059428274624,37,1,0.03172646090388298,0.22109827594272788,1.0,0.007081266026943922,0.02000432461500168,0.08507395535707474
180,15297,-0.5709107786417009,45,1,0.030734660103917122,0.32064582757651794,1.0,0.00705648073926568,0.05892178788781166,0.027713056653738022
181,15329,0.3332090063393105,32,1,0.0323646143078804,0.17398943325877175,1.0,0.00704149017110467,0.023631058633327484,0.11094704270362854
182,15349,3.0211997294425963,20,1,0.030852394178509712,0.2029050326719878,1.0,0.007021784782409668,0.082367904484272,-0.22000229358673096
183,15385,-0.5841429406404499,36,1,0.0344453789293766,0.168757945537567,1.0,0.007010296452790499,0.012153636664152145,0.24424487352371216
184,15428,-1.1626590614020822,43,1,0.03049224242568016,0.11411616899818151,1.0,0.006995393428951502,0.014428094029426575,0.2478008270263672
185,15452,2.0806365065276626,24,1,0.0316707119345665,0.2796762319207189,1.0,0.006979936268180609,0.09372872114181519,0.33140408992767334
186,15482,1.0874077470600607,30,1,0.03367559611797333,0.30059852287173244,1.0,0.006963938940316439,0.013175873085856438,0.41901639103889465
187,15515,1.7004891886562108,33,1,0.03408695384860039,0.2807144821323452,1.0,0.0069412426091730595,0.04096747934818268,0.2225465625524521
188,15546,0.4679866920411584,31,1,0.03360165283083916,0.370431927591562,1.0,0.006934249307960272,0.13245445489883423,-0.025697454810142517
189,15589,-1.4051347273588162,43,1,0.03278093412518501,0.252872355647385,1.0,0.006920059211552143,0.06680722534656525,0.1733272522687912
190,15616,1.4339538264274596,27,1,0.031690143048763275,0.34245293365418905,1.0,0.006933210883289576,0.01983712613582611,0.2480103075504303
191,15681,-3.2033206915482877,65,1,0.032162848860025406,0.221254672953859,1.0,0.006935198325663805,0.03017476201057434,-0.10633926093578339
192,15706,2.068259489983321,25,1,0.033851079642772675,0.44224248020164686,1.0,0.006941848434507847,0.07715871185064316,0.4424605071544647
193,15753,-0.9691042090952378,47,1,0.032652273774147034,0.3870960394926373,1.0,0.006935876328498125,0.02773420512676239,0.14181892573833466
194,15873,-9.1320278101461,120,0,0.06741895526647568,-0.13996772710257188,0.95,0.006884742993861437,0.0422201007604599,0.10947420448064804
195,15890,3.5392949414253234,17,1,0.031613558530807495,-0.1165455837922634,0.95,0.006881578825414181,0.020565155893564224,0.07607617974281311
196,15927,-0.13175425276160446,37,1,0.03447218984365463,-0.1112083288321735,0.95,0.006894687190651894,0.01842448115348816,-0.022572670131921768
197,15965,0.19506383433937913,38,1,0.03236771002411842,-0.001278686193982015,0.95,0.006896666716784239,0.2180975079536438,0.0304376482963562
198,15994,0.6971434514224528,29,1,0.030702630057930946,-0.038090800037840336,0.95,0.006881208159029484,0.022997640073299408,0.2112502157688141
199,16114,-12.981029787771403,120,0,0.11284958571195602,-0.6757719922850374,0.9,0.006845066323876381,0.031186748296022415,-0.13047093152999878
200,16162,-2.2840259909629808,48,1,0.03477640077471733,-0.7614277529011014,0.9,0.006860135588794947,0.05536740645766258,0.15136322379112244
201,16186,2.2773197084665293,24,1,0.034535277634859085,-0.6642222177947404,0.9,0.006865716073662043,0.023518463596701622,0.11370062083005905
202,16219,-0.3816277192533013,33,1,0.02686367928981781,-0.8343635902295354,0.9,0.006856967229396105,0.03734054043889046,-0.09116995334625244
203,16248,1.5012693792581557,29,1,0.032679568976163864,-0.7300929742346051,0.9,0.006868571043014526,0.06097300350666046,0.16531307995319366
204,16271,2.368692580461502,23,1,0.03169086575508118,-0.5535253921414258,0.9,0.006873344536870718,0.018510380759835243,0.07524567097425461
205,16302,1.2127828675508505,31,1,0.03338848054409027,-0.5969180740902663,0.9,0.00688948854804039,0.024289341643452644,0.09683971852064133
206,16341,-0.5325895739346747,39,1,0.034516461193561554,-0.6779179401400033,0.9,0.006900772452354431,0.022923026233911514,0.30238497257232666
207,16373,1.6163459029048681,32,1,0.03406341373920441,-0.6821251044275704,0.9,0.006899347994476557,0.048009492456912994,0.09359332919120789
208,16387,4.011263753771782,14,1,0.033223703503608704,-0.5049612513410391,0.9,0.006913291290402412,0.05608867108821869,0.04278477281332016
209,16412,2.101345960348845,25,1,0.03344335779547691,-0.329637216955656,0.9,0.00691313948482275,0.11986586451530457,-0.14462590217590332
210,16443,0.4067292366921915,31,1,0.029128272086381912,-0.3809984464424194,0.9,0.006948011461645365,0.07461653649806976,0.07189881801605225
211,16563,-10.6266642351728,120,0,0.08197961002588272,-0.7521656236236449,0.85,0.006973764859139919,0.06703805923461914,0.07038009911775589
212,16683,-11.988838383257386,120,0,0.07277724891901016,-1.4550205172856803,0.8,0.006971796974539757,0.028892960399389267,-0.15114077925682068
213,16724,-0.6054511828348037,41,1,0.03450212627649307,-1.4368378659726588,0.8,0.006963640451431274,0.10149388760328293,-0.06170353293418884
214,16771,-0.8640810472890719,47,1,0.034711215645074844,-1.0234405278298075,0.85,0.006976572331041098,0.013454294763505459,0.012988120317459106
215,16827,-3.923923688679932,56,1,0.03190199285745621,-1.3966014593350704,0.85,0.00698948185890913,0.04094984754920006,0.15152418613433838
216,16859,0.3086357547342775,32,1,0.03462868928909302,-1.3745819589602761,0.85,0.007008544635027647,0.09032756090164185,0.06850285083055496
217,16886,1.606684075593948,27,1,0.0343235582113266,-1.3040009468975478,0.85,0.007030391599982977,0.07381188869476318,0.14180424809455872
218,16919,1.3248833468556414,33,1,0.03325360268354416,-1.272613952125888,0.85,0.007057254668325186,0.09358514100313187,-0.14244525134563446
219,16952,0.42445666685700445,33,1,0.03292175009846687,-0.6023396293944678,0.9,0.007083420641720295,0.012321900576353073,-0.006587423384189606
220,16984,0.14189550762996106,32,1,0.033743590116500854,-0.48104355446482067,0.9,0.007108604535460472,0.05505937337875366,0.0020079314708709717
221,17008,2.784282547831536,24,1,0.03460850939154625,-0.4556954124965705,0.9,0.007122267968952656,0.016088467091321945,-0.26579442620277405
222,17042,0.514215372279283,34,1,0.03367476910352707,-0.4109032579199411,0.9,0.007121093105524778,0.06891414523124695,-0.022200237959623337
223,17066,2.0304510471224795,24,1,0.030549362301826477,-0.384444174526725,0.9,0.007124615367501974,0.08468952775001526,-0.26917457580566406
224,17090,2.246935884803534,24,1,0.031600017100572586,-0.3905320093096232,0.9,0.007132368627935648,0.052935391664505005,-0.097124844789505
225,17106,3.7917060390114785,16,1,0.029387563467025757,-0.26158585073659213,0.9,0.0071473075076937675,0.07488907873630524,0.018972493708133698
226,17141,-0.38836210742592847,35,1,0.026761500164866447,-0.2543744774111545,0.9,0.007161147426813841,0.01917983591556549,-0.26810726523399353
227,17166,2.3404371322691433,25,1,0.03154420107603073,-0.21816991594294094,0.9,0.00718989223241806,0.09208761155605316,-0.22229084372520447
228,17185,3.2296776592731478,19,1,0.031079409644007683,-0.2572492206678725,0.9,0.0072240447625517845,0.14032097160816193,-0.3083508610725403
229,17211,1.7168209451436995,26,1,0.0333770290017128,-0.27647547142813,0.9,0.007236256264150143,0.025212246924638748,-0.15356773138046265
230,17277,-2.5156518467515703,66,1,0.03353596478700638,-0.4225945256003179,0.9,0.007271741051226854,0.27292564511299133,-0.32461464405059814
231,17306,1.0421131516993039,29,1,0.03385171294212341,0.1608443437432872,0.95,0.007305188570171595,0.09766045957803726,-0.33739253878593445
232,17331,1.863046707361936,25,1,0.03129351884126663,0.8534385982742533,1.0,0.0073450286872684956,0.02115301415324211,-0.3172440528869629
233,17376,-1.262448675408959,45,1,0.03442917391657829,0.8205887236455457,1.0,0.007380713243037462,0.05349022150039673,-0.020152460783720016
234,17403,1.1176158498227595,27,1,0.034249063581228256,0.919673568501137,1.0,0.007380579598248005,0.09656763076782227,-0.3049617409706116
235,17440,-0.28815486237406684,37,1,0.031391650438308716,1.1014620098164305,1.0,0.007403758820146322,0.06991985440254211,-0.20963624119758606
236,17456,3.772020203769207,16,1,0.027765030041337013,1.2746312322681768,1.0,0.007417437620460987,0.1458531767129898,-0.3600902557373047
237,17476,3.2289505803585055,20,1,0.033763714134693146,1.3557445575064047,1.0,0.007435767445713282,0.11061706393957138,-0.1091928780078888
238,17534,-2.547743855845182,58,1,0.03376273065805435,1.1621131973713634,1.0,0.007467073854058981,0.017922010272741318,-0.38574540615081787
239,17580,-0.905664485991001,46,1,0.03380179777741432,1.0956071397289635,1.0,0.0074888961389660835,0.02008664980530739,-0.22293858230113983
240,17632,-2.2679141400754466,52,1,0.03330647200345993,0.9751166573436928,1.0,0.007500790059566498,0.01729397289454937,-0.2530065178871155
241,17657,2.3057558274269105,25,1,0.02880769409239292,0.9511903213234618,1.0,0.007519623264670372,0.020523931831121445,0.21137544512748718
242,17677,2.9511685711145406,20,1,0.03268250450491905,1.0730379812652244,1.0,0.007537472061812878,0.03542506322264671,-0.3812239170074463
243,17714,-1.317888178974389,37,1,0.02809644117951393,0.9056210199603809,1.0,0.007565371226519346,0.06206873804330826,-0.22967495024204254
244,17762,-1.019742333367467,48,1,0.03282066062092781,0.742287109051831,1.0,0.0075851078145205975,0.031934820115566254,-0.1873069703578949
245,17791,0.8413569085299972,29,1,0.030139129608869553,0.5947696525277568,1.0,0.0076086251065135,0.03385914862155914,-0.3000274896621704
246,17829,-1.2449812291562585,38,1,0.03003290481865406,0.5519386964412407,1.0,0.0076493569649755955,0.05777112394571304,-0.3311508893966675
247,17861,-0.32724092587828846,32,1,0.032870762050151825,0.418554793533869,1.0,0.0076609463430941105,0.09556681662797928,-0.43969595432281494
248,17881,2.782447614371776,20,1,0.033398278057575226,0.3961932912888003,1.0,0.007673409767448902,0.08065828680992126,-0.5884543657302856
249,17909,1.8007908049225803,28,1,0.03489086776971817,0.40039178427774436,1.0,0.007702326402068138,0.019461097195744514,-0.23390311002731323
250,17944,-1.148823747783899,35,1,0.02937871403992176,0.46873318922612794,1.0,0.007720877416431904,0.09250551462173462,-0.4441956877708435
251,17964,3.106975809931755,20,1,0.030991587787866592,0.5719763221377505,1.0,0.007726929150521755,0.054061561822891235,-0.3777540922164917
252,17992,0.728378709554673,28,1,0.03284897282719612,0.5152429222473873,1.0,0.007750807795673609,0.014935432001948357,-0.4658085107803345
253,18007,3.917964935302735,15,1,0.034716151654720306,0.774263602782972,1.0,0.007777749560773373,0.021159326657652855,-0.25396496057510376
254,18033,1.2812683323025698,26,1,0.03352300450205803,0.7824462269069625,1.0,0.007797159254550934,0.12383610755205154,-0.4995937645435333
255,18070,0.3630473358184103,37,1,0.03390408679842949,0.8150063368165865,1.0,0.007853495888411999,0.021215815097093582,-0.5017940402030945
256,18100,0.30866768598556416,30,1,0.030825473368167877,0.6418387109274043,1.0,0.007855387404561043,0.02267962507903576,-0.4613351821899414
257,18126,2.1295584541559216,26,1,0.03359124809503555,0.586869104617275,1.0,0.007884858176112175,0.04908035695552826,-0.4691207706928253
258,18164,-0.7137475982308379,38,1,0.03348230943083763,0.6785689174979923,1.0,0.007923062890768051,0.06090831011533737,-0.39933666586875916
259,18193,1.0102071642875683,29,1,0.030508365482091904,0.7743625000119208,1.0,0.007945967838168144,0.08516673743724823,-0.3318871259689331
260,18218,3.365730191171169,25,1,0.034503161907196045,1.0560447165742513,1.0,0.007946059107780457,0.0805453360080719,-0.35277989506721497
261,18237,3.5038668243587017,19,1,0.03461566939949989,1.1159502664208412,1.0,0.00796182919293642,0.026784978806972504,-0.4448259472846985
262,18249,4.298394942432642,12,1,0.03168616443872452,1.1833115849867462,1.0,0.007978669367730618,0.014465156011283398,-0.21667474508285522
263,18288,-2.250266753584148,39,1,0.02719041518867016,1.1366926562562583,1.0,0.007986225187778473,0.04894674941897392,-0.7037727236747742
264,18320,0.3060790047049533,32,1,0.027387229725718498,1.202983723159879,1.0,0.00801942404359579,0.022617483511567116,-0.49646657705307007
265,18440,-10.966646689772606,120,0,0.0890904888510704,0.612583543244749,0.95,0.008048412390053272,0.017432555556297302,-0.5212303400039673
266,18467,1.9454323671758167,27,1,0.03253168985247612,0.7721042230613532,0.95,0.00805145688354969,0.0417112335562706,-0.3688299059867859
267,18501,0.0010670997202399946,34,1,0.033165134489536285,0.7885196243412794,0.95,0.008068759925663471,0.02406470850110054,-0.4010111093521118
268,18528,1.5150618509948255,27,1,0.032606132328510284,0.7251503361724317,0.95,0.008066012524068356,0.025244958698749542,-0.4280558228492737
269,18648,-8.710659393364331,120,0,0.058983225375413895,0.19957782625808634,0.9,0.008117116056382656,0.015034692361950874,-0.6980721950531006
270,18683,0.6454054932296271,35,1,0.034126922488212585,0.28928928830876255,0.9,0.008150129579007626,0.08158337324857712,-0.500340461730957
271,18712,1.3811513891071074,29,1,0.030583521351218224,0.20299806726753022,0.9,0.008209513500332832,0.10465450584888458,-0.45457547903060913
272,18734,2.727500450164079,22,1,0.03150605037808418,0.30295415429800043,0.9,0.008243181742727757,0.04213311895728111,-0.5956510901451111
273,18755,2.9108754290640357,21,1,0.03141274303197861,0.2525996789860655,0.9,0.008277240209281445,0.019027583301067352,-0.6034755706787109
274,18794,-0.3027500075101832,39,1,0.03167978301644325,0.17339876199542775,0.9,0.008324242196977139,0.04592776298522949,-0.5185432434082031
275,18825,0.9358178496360772,31,1,0.030704112723469734,0.20203728768631118,0.9,0.008362391032278538,0.031151749193668365,-0.5765866041183472
276,18853,1.3010330109298223,28,1,0.030043987557291985,0.251655553933524,0.9,0.008378048427402973,0.02072528563439846,-0.46564918756484985
277,18890,-0.8727967120707047,37,1,0.029354438185691833,0.10153779562219271,0.9,0.008425205014646053,0.05284753814339638,-0.8997978568077087
278,18916,1.6779581724107264,26,1,0.030387548729777336,0.22112308415427084,0.9,0.008438671007752419,0.06717899441719055,-0.44536587595939636
279,18932,3.7432796831429007,16,1,0.02539122849702835,0.3577767100970376,0.9,0.008468116633594036,0.0350533090531826,-0.8528157472610474
280,18957,1.9273729822039605,25,1,0.034086596220731735,0.2858588496486771,0.9,0.008493885397911072,0.027434147894382477,-0.882024347782135
281,18984,1.6781398442387574,27,1,0.03347529098391533,0.1945725006426799,0.9,0.008527357131242752,0.01970793306827545,-0.5823219418525696
282,19017,0.5257677933573728,33,1,0.03470950573682785,0.005941143188916342,0.9,0.008553664200007915,0.07863408327102661,-0.785070538520813
283,19058,-0.3538611332327113,41,1,0.03302019461989403,0.10076142420648823,0.9,0.008586401119828224,0.033519092947244644,-0.665545642375946
284,19083,2.0392577356100077,25,1,0.03015500120818615,0.18742036075174087,0.9,0.008596135303378105,0.06009707972407341,-0.43798309564590454
285,19101,3.2140924048423765,18,1,0.03292402625083923,0.8964573154824901,0.95,0.008609561249613762,0.02830108441412449,-0.5831316709518433
286,19121,2.7302133698761466,20,1,0.032134998589754105,0.9356963656175065,0.95,0.008615804836153984,0.012860121205449104,-0.7363842725753784
287,19152,0.26093814074993293,31,1,0.03143511340022087,0.9486899176689911,0.95,0.00863142590969801,0.18634817004203796,-0.7627856731414795
288,19174,2.5306249579787248,22,1,0.03406979516148567,0.9994680730181861,0.95,0.008633051998913288,0.01569400727748871,-0.8143982887268066
289,19209,-0.8410891352593906,35,1,0.03386626020073891,1.3929465859234331,1.0,0.008663667365908623,0.02902258187532425,-1.016107439994812
290,19229,3.0320226091146467,20,1,0.027584804221987724,1.512277441717684,1.0,0.008687876164913177,0.01823261007666588,-0.6640903353691101
291,19261,0.5472897103428851,32,1,0.03378228470683098,1.470584357779473,1.0,0.008708855137228966,0.02569488063454628,-0.4178415536880493
292,19304,0.6200024335086347,43,1,0.034357067197561264,1.3652094569467008,1.0,0.00870771799236536,0.23591995239257812,-0.9050205945968628
293,19336,-0.12523847803473576,32,1,0.030320938676595688,1.2134037615917623,1.0,0.00870591588318348,0.038958460092544556,-0.7838524580001831
294,19354,3.45750025704503,18,1,0.031432632356882095,1.401416274819523,1.0,0.008725577965378761,0.04413636773824692,-0.6638336181640625
295,19386,1.4900676673650741,32,1,0.031927745789289474,1.4291287657059728,1.0,0.008775846101343632,0.05087051913142204,-0.5525002479553223
296,19415,1.6503734074532983,29,1,0.033308010548353195,1.4465957855321467,1.0,0.008816606365144253,0.1524108648300171,-0.6100831627845764
297,19449,-1.6193688444793235,34,1,0.03268803656101227,1.4092671789117155,1.0,0.0088764987885952,0.044163405895233154,-0.9099776744842529
298,19475,1.5844425714015977,26,1,0.033860981464385986,1.4045913988612595,1.0,0.008908712305128574,0.02180243842303753,-0.6059839725494385
299,19511,-1.1157105158269403,36,1,0.03325076773762703,1.1616418889127673,1.0,0.008980566635727882,0.020211268216371536,-0.6655737161636353
300,19542,0.8091268834471705,31,1,0.03152347356081009,1.1057295839749277,1.0,0.009020962752401829,0.023932669311761856,-0.7055537700653076
301,19559,3.531332692652941,17,1,0.03235617280006409,1.198389226395637,1.0,0.009057046845555305,0.1435060203075409,-1.1301136016845703
302,19598,1.7592008060961968,39,1,0.033338259905576706,1.260060877032578,1.0,0.00906358752399683,0.02682376280426979,-0.6458865404129028
303,19646,-1.1067554224282539,48,1,0.034847065806388855,1.222416162572801,1.0,0.009150342084467411,0.017390970140695572,-0.8900151252746582
304,19676,0.38700295120477435,30,1,0.033765826374292374,1.1398034233525394,1.0,0.009147662669420242,0.023409979417920113,-0.8448587656021118
305,19708,-0.2609399628639206,32,1,0.03054967150092125,0.9660518049672244,1.0,0.00918346643447876,0.018358668312430382,-0.8239443898200989
306,19726,3.3045656429231163,18,1,0.030823562294244766,0.9947694186195729,1.0,0.009200683794915676,0.027913786470890045,-0.8471131324768066
307,19754,0.7535023680329314,28,1,0.028443044051527977,1.0193976299837229,1.0,0.009214790537953377,0.013835801742970943,-0.8627798557281494
308,19790,-0.10255440011620554,36,1,0.032354846596717834,0.8877386620789764,1.0,0.009209765121340752,0.026029640808701515,-0.8945205211639404
309,19808,3.361711343675852,18,1,0.0337197408080101,1.0978786860257383,1.0,0.009229240007698536,0.04249994456768036,-0.580085039138794
310,19849,-0.318106902837755,41,1,0.03389349952340126,0.9303722104281185,1.0,0.009249100461602211,0.014261824078857899,-0.9171499609947205
311,19871,2.323100948929787,22,1,0.033663202077150345,1.0191627723574634,1.0,0.00927211157977581,0.06378822028636932,-0.960371732711792
312,19896,2.093609213680028,25,1,0.03310529887676239,1.0928431113660335,1.0,0.009297201409935951,0.023148436099290848,-1.037604570388794
313,19916,2.9886335046589374,20,1,0.029245691373944283,1.248536710500717,1.0,0.009317846968770027,0.02731521800160408,-0.8670035600662231
314,19948,0.6708376082777976,32,1,0.03421498462557793,1.1092035780623553,1.0,0.009340080432593822,0.03596346452832222,-1.101667881011963
315,19975,1.5431664131581777,27,1,0.02935785986483097,1.1118585153520104,1.0,0.009364965371787548,0.014113737270236015,-0.8765968084335327
316,20009,-1.5374228440225117,34,1,0.024912308901548386,0.9524687027782199,1.0,0.00937589816749096,0.052045829594135284,-1.1105303764343262
317,20041,-0.4489397844672194,32,1,0.03458807244896889,1.0109901557788252,1.0,0.009407389909029007,0.037149399518966675,-0.9151269793510437
318,20099,-3.3361741005256755,58,1,0.03293561562895775,0.7649593221824617,1.0,0.00943811796605587,0.016397526487708092,-0.79020756483078
319,20150,1.7988526070117952,51,1,0.03348938003182411,0.9106874783243984,1.0,0.009478356689214706,0.05604379251599312,-1.1399996280670166
320,20187,-1.8114824378490457,37,1,0.031996916979551315,0.7796570122595873,1.0,0.009495931677520275,0.015011881478130817,-0.8976219892501831
321,20208,2.8298734673857693,21,1,0.032321248203516006,0.7445840509962288,1.0,0.009537444449961185,0.14555594325065613,-0.9970214366912842
322,20237,0.8994311991333959,29,1,0.03469698503613472,0.7015955706480888,1.0,0.009550237096846104,0.019852306693792343,-1.026688575744629
323,20262,1.6776828674972069,25,1,0.03464304655790329,0.8408174851443618,1.0,0.009563361294567585,0.028807833790779114,-1.2152460813522339
324,20292,0.5938660693168627,30,1,0.03203779086470604,0.8511606410499664,1.0,0.009565011598169804,0.05516810715198517,-1.0736236572265625
325,20326,-0.05577544007450452,34,1,0.034903693944215775,0.8614188671894369,1.0,0.00958422850817442,0.013994144275784492,-1.0663564205169678
326,20366,0.10703659553080591,40,1,0.03470860421657562,0.7015424148198215,1.0,0.009612430818378925,0.0647958442568779,-1.3550341129302979
327,20396,0.5808088181912909,30,1,0.033424749970436096,0.6929077373277395,1.0,0.00962782558053732,0.01581927388906479,-1.0970265865325928
328,20421,1.6027725319564343,25,1,0.031155018135905266,0.7781740839313716,1.0,0.009639691561460495,0.04537762701511383,-1.1952331066131592
329,20450,0.8801112104207283,29,1,0.033746570348739624,0.6540940772686152,1.0,0.009634709917008877,0.011149626225233078,-1.3491802215576172
330,20477,1.4814933094382288,27,1,0.03156273066997528,0.7440740878824144,1.0,0.009651055559515953,0.03735224902629852,-1.2285726070404053
331,20514,-2.209581071734428,37,1,0.028368933126330376,0.5174399868492038,1.0,0.009677383117377758,0.03551284968852997,-1.3293044567108154
332,20557,-0.3158966855704781,43,1,0.03400798887014389,0.3969646918866784,1.0,0.009663158096373081,0.036389559507369995,-1.5739028453826904
333,20581,2.4965879565477374,24,1,0.02926943264901638,0.37236241448111834,1.0,0.009647628292441368,0.025060519576072693,-1.1692686080932617
334,20603,2.5313764262199396,22,1,0.03298104926943779,0.4653893553782254,1.0,0.009628087282180786,0.01761247217655182,-1.1783397197723389
335,20636,-0.20234371915459803,33,1,0.030959583818912506,0.3781138487625867,1.0,0.009602407924830914,0.03183451667428017,-1.5374928712844849
336,20663,1.5158346493542187,27,1,0.029336757957935333,0.5307767234314231,1.0,0.00963082816451788,0.018905695527791977,-1.6928725242614746
337,20687,2.179921032339335,24,1,0.031058769673109055,0.6622197642717509,1.0,0.009632830508053303,0.02256239950656891,-1.383995532989502
338,20718,0.1641605722904229,31,1,0.03405389562249184,0.8372364979125558,1.0,0.009609713219106197,0.05807388946413994,-1.1809804439544678
339,20745,1.2706871896982186,27,1,0.030145350843667984,0.810828227046877,1.0,0.009641332551836967,0.01544997002929449,-0.8750760555267334
340,20767,2.299929332435132,22,1,0.03385380282998085,1.016398815561086,1.0,0.009621212258934975,0.01924462802708149,-1.3423984050750732
341,20791,1.9932938754558571,24,1,0.03197669982910156,0.9745698359645903,1.0,0.009614095091819763,0.028320206329226494,-1.269478678703308
342,20834,-1.0290063309669515,43,1,0.03403894975781441,0.878147959459573,1.0,0.00959551427513361,0.017526980489492416,-1.6574747562408447
343,20861,1.5631054812669758,27,1,0.030842015519738197,0.8724190901480615,1.0,0.009562891907989979,0.026551589369773865,-1.5093379020690918
344,20895,-0.6108950215578055,34,1,0.031718481332063675,0.812181035604328,1.0,0.009565828368067741,0.012246137484908104,-1.2917729616165161
345,20924,0.39027761697769137,29,1,0.03293651342391968,0.8344836884569379,1.0,0.009552386589348316,0.016607731580734253,-1.0476162433624268
346,20948,3.165992155820131,24,1,0.03332255780696869,0.987431466471404,1.0,0.009517095983028412,0.06057100370526314,-1.3998180627822876
347,20970,2.4102528537809853,22,1,0.03455410525202751,1.0789036682508888,1.0,0.009492233395576477,0.024425439536571503,-1.3154041767120361
348,21003,0.6783704462647426,33,1,0.03423859924077988,1.0326835639663041,1.0,0.009486517868936062,0.05621769279241562,-1.4791522026062012
349,21031,1.1898595650494106,28,1,0.031338855624198914,1.0481709816977385,1.0,0.009492708370089531,0.02200961485505104,-1.6929253339767456
350,21047,3.7249836103618144,16,1,0.034781910479068756,1.1603454967439175,1.0,0.009495822712779045,0.028746208176016808,-1.718894124031067
351,21086,-1.0134557799994957,39,1,0.02982410043478012,1.2201517613306643,1.0,0.009485265240073204,0.012440957129001617,-1.2293421030044556
352,21107,2.862640511095524,21,1,0.02899945341050625,1.379078621163964,1.0,0.009480766020715237,0.08100207149982452,-1.2896616458892822
353,21131,1.7145709639787667,24,1,0.033539824187755585,1.3399777715355157,1.0,0.009458472952246666,0.01448795199394226,-1.2829657793045044
354,21174,-1.0498155423998838,43,1,0.03342744708061218,1.1609181731045246,1.0,0.009443754330277443,0.019939862191677094,-1.5872031450271606
355,21202,1.2342166832089423,28,1,0.033337946981191635,1.2327461932227015,1.0,0.009436430409550667,0.02104870229959488,-1.320483922958374
356,21234,0.5115196770429593,32,1,0.030042294412851334,1.1825304446071383,1.0,0.00941393245011568,0.08519391715526581,-1.3095557689666748
357,21268,-1.1683852878212955,34,1,0.03445817530155182,1.0151151285991071,1.0,0.009398198686540127,0.021927181631326675,-1.599117636680603
358,21298,0.49143412992358293,30,1,0.03407507389783859,1.0314788064807652,1.0,0.009397624991834164,0.04472770169377327,-1.4070124626159668
359,21316,3.6953430236876015,18,1,0.0347260944545269,1.1527115981802343,1.0,0.00938042439520359,0.016988005489110947,-1.3498587608337402
360,21342,1.4235235096514232,26,1,0.033005762845277786,1.1088913070410489,1.0,0.00937702041119337,0.02199675515294075,-1.5728297233581543
361,21360,3.292679163813591,18,1,0.03494303673505783,1.1738605714589356,1.0,0.0093608433380723,0.015658866614103317,-1.6015806198120117
362,21378,3.8683266745507723,18,1,0.03478720039129257,1.418727221734822,1.0,0.009378903545439243,0.012319746427237988,-1.55575430393219
363,21412,0.22840950623154566,34,1,0.0327429361641407,1.3519924229830504,1.0,0.00940436590462923,0.04774860292673111,-1.5855233669281006
364,21435,2.7534168179333216,23,1,0.032663408666849136,1.5202080149576065,1.0,0.009398180991411209,0.022683415561914444,-1.531938076019287
365,21468,-1.049610553979874,33,1,0.028756871819496155,1.4482136064097282,1.0,0.00935372244566679,0.040071144700050354,-1.379547119140625
366,21486,3.4402852801978594,18,1,0.0318789966404438,1.4619282626286147,1.0,0.009329722262918949,0.061918482184410095,-1.5127757787704468
367,21553,-1.5622260577976723,67,1,0.034837815910577774,1.2633043170496818,1.0,0.009258083999156952,0.01854594610631466,-1.7775464057922363
368,21581,1.019456487298013,28,1,0.032876186072826385,1.2803586191013452,1.0,0.009242495521903038,0.012091060169041157,-1.7763258218765259
369,21621,-1.190513692647218,40,1,0.03451086953282356,1.1613399562165136,1.0,0.009238640777766705,0.015781236812472343,-1.6701496839523315
370,21655,0.026117193847892572,34,1,0.031023094430565834,0.9763966353908176,1.0,0.009241091087460518,0.016699479892849922,-1.6470727920532227
371,21674,3.2568323774635792,19,1,0.030250558629631996,1.1899110432639712,1.0,0.009261068888008595,0.023362761363387108,-1.6870102882385254
372,21701,1.3265591955184939,27,1,0.03433030843734741,1.1131069774851199,1.0,0.009247918613255024,0.02468040958046913,-1.583605408668518
373,21731,0.7677140401303761,30,1,0.03458874672651291,1.0657641312927004,1.0,0.009224990382790565,0.015026921406388283,-1.5105336904525757
374,21756,1.9085205024480825,25,1,0.029788590967655182,1.2136809335350986,1.0,0.009235033765435219,0.014827607199549675,-1.5251200199127197
375,21793,-0.21879909493029093,37,1,0.03331545740365982,1.1410301446281372,1.0,0.0092114033177495,0.011907204054296017,-1.4460086822509766
376,21813,3.1545621378719804,20,1,0.028264543041586876,1.2731822676695883,1.0,0.009200556203722954,0.019457273185253143,-1.5593303442001343
377,21846,0.09248822838068183,33,1,0.030210379511117935,1.336225943479687,1.0,0.009195301681756973,0.01947188749909401,-1.7993130683898926
378,21873,1.6967364472150805,27,1,0.02822202257812023,1.3964910593442619,1.0,0.009183794260025024,0.011835986748337746,-1.6946656703948975
379,21899,1.227717050611973,26,1,0.03228359296917915,1.2731097606904807,1.0,0.0091835493221879,0.023511964827775955,-1.4254474639892578
380,21933,0.2569537766277801,34,1,0.02957620471715927,1.2147812740392983,1.0,0.009165914729237556,0.014526942744851112,-1.7226362228393555
381,21962,0.6038278853893297,29,1,0.03476031497120857,1.0803387101180852,1.0,0.009138699620962143,0.016244864091277122,-1.5285271406173706
382,21986,1.901617343276739,24,1,0.030730146914720535,0.9820032435543837,1.0,0.009117333218455315,0.011663790792226791,-1.5335770845413208
383,22007,2.894539448469877,21,1,0.03311140835285187,1.1153097406663004,1.0,0.009114163927733898,0.014503579586744308,-1.4153199195861816
384,22029,2.5575208878517146,22,1,0.029042867943644524,1.10551494416222,1.0,0.00910069327801466,0.016142163425683975,-1.8740348815917969
385,22049,2.9286617559194568,20,1,0.0345185324549675,1.3044285596571865,1.0,0.009081649594008923,0.019585702568292618,-1.6187808513641357
386,22081,0.38196560189127915,32,1,0.02840060368180275,1.1515125757418574,1.0,0.009079497307538986,0.012015938758850098,-1.380993127822876
387,22104,2.3333973043411973,23,1,0.029049469158053398,1.346293743848801,1.0,0.009075264446437359,0.017379973083734512,-1.718637228012085
388,22127,2.2602099776268014,23,1,0.03479054942727089,1.4083314183652402,1.0,0.00905403308570385,0.08198198676109314,-1.4782377481460571
389,22173,-1.224115669857711,46,1,0.033630769699811935,1.4066513195047157,1.0,0.009024894796311855,0.019497625529766083,-1.6360530853271484
390,22194,2.7233734069764615,21,1,0.03194662928581238,1.541514130161144,1.0,0.009021994657814503,0.01556602492928505,-1.943702220916748
391,22235,-1.3155212968587877,41,1,0.03308286890387535,1.3128964464450257,1.0,0.008998909965157509,0.015394534915685654,-1.4651737213134766
392,22254,3.0919221645593646,19,1,0.03048497624695301,1.4011645948970692,1.0,0.009002459235489368,0.09339984506368637,-1.728989839553833
393,22283,0.8441329501569266,29,1,0.03285907208919525,1.4049855403983966,1.0,0.008981368504464626,0.014141468331217766,-1.731858253479004
394,22321,-1.7672673316299914,38,1,0.030030081048607826,1.221196148694493,1.0,0.008971677161753178,0.011654211208224297,-1.9305983781814575
395,22351,1.6806482927501203,30,1,0.03274192288517952,1.3161685180785136,1.0,0.008933018893003464,0.02350551262497902,-1.8989969491958618
396,22386,-1.3285337996110291,35,1,0.03436736762523651,1.0920137212043632,1.0,0.008909337222576141,0.01217672973871231,-1.718887448310852
397,22420,0.6267136068269616,34,1,0.034190721809864044,1.1187249901266771,1.0,0.008891978301107883,0.009895509108901024,-1.5238797664642334
398,22451,1.441256210133433,31,1,0.030276581645011902,1.1059509782725947,1.0,0.008862009271979332,0.012043725699186325,-1.8882380723953247
399,22479,1.1300907781720166,28,1,0.03483552113175392,1.101069664650597,1.0,0.00887367594987154,0.030263174325227737,-1.7478859424591064
400,22514,-1.8572184629738349,35,1,0.03199055418372154,0.9953610526705162,1.0,0.00886278785765171,0.01299276389181614,-1.6574580669403076
401,22543,0.976389860063791,29,1,0.0323108434677124,1.0139891514042394,1.0,0.008851493708789349,0.013761820271611214,-1.9540205001831055
402,22569,1.968038448542356,26,1,0.030903132632374763,1.0173102066675201,1.0,0.008852413855493069,0.025022752583026886,-1.7225078344345093
403,22592,2.0841121838986867,23,1,0.03254041448235512,0.9767888434389607,1.0,0.008853460662066936,0.01027333177626133,-1.7244431972503662
404,22615,2.497309071421623,23,1,0.03434920683503151,0.9737782526174559,1.0,0.008855306543409824,0.009386353194713593,-1.871633529663086
405,22638,2.1978604939579958,23,1,0.031038708984851837,0.9372381895193829,1.0,0.008852371945977211,0.012213276699185371,-1.7866170406341553
406,22670,0.6446200118958938,32,1,0.030952289700508118,0.9503709100196136,1.0,0.00882883183658123,0.011788319796323776,-1.742112159729004
407,22709,-2.107187580764295,39,1,0.03289074823260307,0.728341665764339,1.0,0.008782255463302135,0.01613379269838333,-1.858865737915039
408,22747,0.5790456479042776,38,1,0.03391123190522194,0.6442834492782129,1.0,0.008755260147154331,0.015219462104141712,-1.697718620300293
409,22767,2.905293447524309,20,1,0.031873732805252075,0.8507539051473139,1.0,0.008734977804124355,0.01802820712327957,-1.9942229986190796
410,22793,1.9480359455943117,26,1,0.03237031772732735,0.8119870320782064,1.0,0.008723247796297073,0.010167000815272331,-2.1519289016723633
411,22850,-3.0751001429557787,57,1,0.034356966614723206,0.7240080897733568,1.0,0.008676036261022091,0.019731368869543076,-1.7874232530593872
412,22885,-1.1908819003403197,35,1,0.03447975218296051,0.5098678865283727,1.0,0.008642232976853848,0.012060582637786865,-1.8042867183685303
413,22908,2.29250767365098,23,1,0.031805410981178284,0.5822866227030754,1.0,0.008624773472547531,0.016951818019151688,-2.267971992492676
414,22935,1.7882897888123988,27,1,0.028375152498483658,0.760064478725195,1.0,0.00857759453356266,0.010933729819953442,-1.7521584033966064
415,22957,2.9887160664051775,22,1,0.033332087099552155,0.8254678674079479,1.0,0.00855084229260683,0.013755090534687042,-1.8767595291137695
416,22988,0.28333047434687764,31,1,0.034698184579610825,0.9060610811058432,1.0,0.008546721190214157,0.01972671039402485,-2.1021034717559814
417,23012,2.265401157587767,24,1,0.030290888622403145,0.9879954586438835,1.0,0.00854166503995657,0.0156558807939291,-1.8191044330596924
418,23031,3.01805048957467,19,1,0.0335673950612545,1.0668351726159453,1.0,0.008538855239748955,0.02108915150165558,-2.2170705795288086
419,23067,-2.0654989089816818,36,1,0.033942993730306625,0.9070556882582602,1.0,0.008504539728164673,0.017867570742964745,-1.7696551084518433
420,23097,0.6220735908299693,30,1,0.03459683433175087,1.0310202909484505,1.0,0.008473795838654041,0.009703931398689747,-2.0508761405944824
421,23135,-2.119595301896334,38,1,0.03127118945121765,0.8762210328504445,1.0,0.00843807589262724,0.008260940201580524,-2.0075929164886475
422,23166,0.42553441688418303,31,1,0.030172836035490036,0.7990958312675356,1.0,0.008412880823016167,0.008851120248436928,-2.0488624572753906
423,23186,2.987547768056393,20,1,0.033469777554273605,0.844267610475421,1.0,0.008406741544604301,0.010497285053133965,-1.5617095232009888
424,23219,-0.4173191882669913,33,1,0.03096124902367592,0.6985361974909902,1.0,0.008406220935285091,0.024066369980573654,-2.148153781890869
425,23254,-1.036150638610124,35,1,0.030646441504359245,0.5368356408625841,1.0,0.008412576280534267,0.014939597807824612,-2.274599075317383
426,23266,4.373211762458086,12,1,0.03284840285778046,0.7232652283906938,1.0,0.00840051844716072,0.012634044513106346,-2.0849711894989014
427,23296,0.48648112311959313,30,1,0.0278676375746727,0.8529486635848882,1.0,0.008401796221733093,0.02113574743270874,-2.125249147415161
428,23324,1.1281717973947512,28,1,0.030919723212718964,0.8804049710594117,1.0,0.008400318212807178,0.014893507584929466,-1.98349928855896
429,23363,-0.6211314570903781,39,1,0.033706746995449066,0.7040837258286774,1.0,0.008371595293283463,0.010395558550953865,-1.982595443725586
430,23389,1.861065614968537,26,1,0.03498722240328789,0.6997352092973887,1.0,0.008347056806087494,0.012650003656744957,-1.916739821434021
431,23430,-0.25761453017592295,41,1,0.03414173051714897,0.8406094899363815,1.0,0.008353984914720058,0.012506181374192238,-1.8750736713409424
432,23455,1.4939918418228628,25,1,0.03482034057378769,0.9748531770445407,1.0,0.008331823162734509,0.008215006440877914,-2.073140859603882
433,23478,2.6557319856435067,23,1,0.03213062137365341,0.9930143926441669,1.0,0.008309711702167988,0.016754556447267532,-2.1892199516296387
434,23505,1.7577248685061932,27,1,0.03497820720076561,0.9914861466288569,1.0,0.008296056650578976,0.012952625751495361,-2.1036272048950195
435,23545,-2.933528530150653,40,1,0.033472053706645966,0.6953739168010653,1.0,0.00828746147453785,0.008235735818743706,-2.1055240631103516
436,23569,2.4230112835764883,24,1,0.034431975334882736,0.8023579572625458,1.0,0.008260675705969334,0.010462069883942604,-2.158492088317871
437,23605,-0.7003633344173394,36,1,0.03193637728691101,0.6540697326622904,1.0,0.008204097859561443,0.011765926145017147,-2.0871052742004395
438,23639,0.5446095504611739,34,1,0.03261683136224747,0.5303976857066157,1.0,0.008185735903680325,0.013203635811805725,-1.931417465209961
439,23660,3.986977292895317,21,1,0.03162464499473572,0.8330214958004657,1.0,0.0081832529976964,0.025728998705744743,-2.167996406555176
440,23691,-0.11420752301812165,31,1,0.03261171281337738,0.7962074401080611,1.0,0.008155638352036476,0.01616506278514862,-2.054473876953125
441,23723,0.5248728825151927,32,1,0.030310707166790962,0.9284308493286376,1.0,0.008126290515065193,0.011424734257161617,-2.1904516220092773
442,23755,2.5343741020560255,32,1,0.03479376062750816,1.0338728335872296,1.0,0.008143335580825806,0.028310861438512802,-2.2178189754486084
443,23773,3.8069525644183155,18,1,0.03341292962431908,1.0748430734053258,1.0,0.008132229559123516,0.016774289309978485,-1.9500160217285156
444,23854,-3.025043477658185,81,1,0.034966014325618744,0.9444568589357658,1.0,0.008109823800623417,0.013922668062150478,-2.1354737281799316
445,23868,4.255391413420439,14,1,0.034617941826581955,1.2090339615372945,1.0,0.008125915192067623,0.01245496142655611,-1.9741020202636719
446,23903,-0.3680244319140895,35,1,0.03414316847920418,0.9719721518186853,1.0,0.008117294870316982,0.02972513809800148,-2.3058576583862305
447,23932,0.5633635777235044,29,1,0.032035503536462784,0.9758162745488808,1.0,0.008097651414573193,0.0128300366923213,-2.1978349685668945
448,23958,1.873570124953985,26,1,0.032919470220804214,1.0130861909268425,1.0,0.008086654357612133,0.007617344614118338,-2.3227298259735107
449,23988,0.6090135350823411,30,1,0.02794344536960125,1.0745934405354785,1.0,0.00805705226957798,0.008601512759923935,-2.123440742492676
450,24023,0.12859621301293434,35,1,0.034189168363809586,0.9879699704376982,1.0,0.008047445677220821,0.015623468905687332,-2.1251041889190674
451,24044,2.6440724712610253,21,1,0.03265177831053734,1.1330543205095458,1.0,0.008023742586374283,0.010284315794706345,-2.3671422004699707
452,24064,3.0612476289272306,20,1,0.03211111202836037,1.2114171098647641,1.0,0.00798876490443945,0.009489282965660095,-2.2313568592071533
453,24101,-1.1349066515266895,37,1,0.028081530705094337,1.0218851780062543,1.0,0.00797938834875822,0.009686044417321682,-2.0908098220825195
454,24131,0.663848477303981,30,1,0.031715571880340576,0.9671913584461436,1.0,0.007964377291500568,0.010590264573693275,-2.2873058319091797
455,24160,0.685986350625754,29,1,0.03463184833526611,1.148167102484964,1.0,0.007941539399325848,0.015339984558522701,-2.150581121444702
456,24179,3.4930119472742085,19,1,0.031599849462509155,1.20166713566985,1.0,0.007930327206850052,0.00785907730460167,-2.597606658935547
457,24206,1.8844884757697589,27,1,0.03202039375901222,1.330909726179205,1.0,0.007924573495984077,0.00939182098954916,-2.283435821533203
458,24235,1.3750617998838424,29,1,0.029245149344205856,1.3724323386503383,1.0,0.007913736626505852,0.006710466463118792,-2.3383049964904785
459,24261,1.7920632080733774,26,1,0.034661177545785904,1.2626866344092413,1.0,0.007906920276582241,0.012346711941063404,-2.2569873332977295
460,24293,0.126851335614921,32,1,0.02986360900104046,1.2747395773408936,1.0,0.007923942990601063,0.010180983692407608,-2.2860453128814697
461,24321,1.10390050381422,28,1,0.030170727521181107,1.3036909584058447,1.0,0.007897797971963882,0.014906112104654312,-2.202028274536133
462,24342,2.84354366287589,21,1,0.028600068762898445,1.3191494364468384,1.0,0.007893634028732777,0.007260792888700962,-2.3377633094787598
463,24360,3.1746284861862666,18,1,0.03332556039094925,1.2875332325352358,1.0,0.007893283851444721,0.008315857499837875,-2.2647337913513184
464,24386,2.0174693437665696,26,1,0.03280745819211006,1.5396588736064736,1.0,0.007893351837992668,0.009914577007293701,-2.299661636352539
465,24410,1.8358805373311045,24,1,0.03161235526204109,1.4186833298020067,1.0,0.007900449447333813,0.013086049817502499,-2.2754459381103516
466,24436,2.5522655507922174,26,1,0.03270029276609421,1.564697828937322,1.0,0.007922181859612465,0.02137952297925949,-2.4896957874298096
467,24451,3.837335492372513,15,1,0.03377462550997734,1.7283964246697725,1.0,0.007926047779619694,0.011015597730875015,-2.3341453075408936
468,24488,-1.0294684179127218,37,1,0.03495621308684349,1.583244497526437,1.0,0.007906724698841572,0.009971858002245426,-1.9291050434112549
469,24509,3.220870709195733,21,1,0.03492019325494766,1.7138373562321068,1.0,0.00791340135037899,0.009447190910577774,-2.222565174102783
470,24549,0.3036940724402646,40,1,0.034367743879556656,1.7225922492034733,1.0,0.007891383953392506,0.008811404928565025,-1.9918947219848633
471,24572,2.295705477148294,23,1,0.02912040799856186,1.705173899497837,1.0,0.007883407175540924,0.012349728494882584,-2.1126790046691895
472,24587,3.8933768180012702,15,1,0.027738213539123535,1.7467803589515387,1.0,0.007869607768952847,0.00820704735815525,-2.1439380645751953
473,24619,-0.855919462740423,32,1,0.034014686942100525,1.7607297183908521,1.0,0.007872430607676506,0.010745268315076828,-2.12788724899292
474,24646,0.9128365699946883,27,1,0.03408757969737053,1.7731791230253875,1.0,0.007874574512243271,0.008372718468308449,-2.0155692100524902
475,24672,1.6890086278319352,26,1,0.03468403220176697,1.823330236885696,1.0,0.007875253446400166,0.012102591805160046,-2.2214834690093994
476,24699,0.9693556903302687,27,1,0.03395668417215347,1.6971474240384996,1.0,0.007870546542108059,0.019837504252791405,-2.3145205974578857
477,24725,1.3613378758728514,26,1,0.032241467386484146,1.6709898940436538,1.0,0.007842729799449444,0.007987061515450478,-2.3509840965270996
478,24759,-1.0587026110291484,34,1,0.02971521019935608,1.5493016734980045,1.0,0.007823031395673752,0.012730209156870842,-2.3807525634765625
479,24782,2.6749764892458923,23,1,0.031126942485570908,1.5934473375566305,1.0,0.007834730669856071,0.007897445932030678,-2.406743049621582
480,24806,2.0938687433302405,24,1,0.032727815210819244,1.6917982079423965,1.0,0.007818097248673439,0.013608517125248909,-2.474341869354248
481,24830,3.755257184877991,24,1,0.033839449286460876,1.8243660419955852,1.0,0.007815912365913391,0.01132460031658411,-2.3334763050079346
482,24868,-1.4243843036890018,38,1,0.03200739994645119,1.6109696436673402,1.0,0.007801536470651627,0.012654846534132957,-2.087501287460327
483,24888,3.04907733976841,20,1,0.03421874716877937,1.6046920863464476,1.0,0.007798519916832447,0.017198681831359863,-2.0339291095733643
484,24907,3.59678973838687,19,1,0.030994119122624397,1.6836581060774622,1.0,0.007791082840412855,0.025371622294187546,-2.3249869346618652
485,24933,1.6531898932345217,26,1,0.02801983617246151,1.6745235738726332,1.0,0.007773693185299635,0.019666751846671104,-2.4165031909942627
486,24953,2.75230904892087,20,1,0.033975061029195786,1.6845257487790661,1.0,0.00776403583586216,0.010319648310542107,-2.1878340244293213
487,24974,2.686584834605456,21,1,0.03198559209704399,1.6269882158907134,1.0,0.007756731007248163,0.009942343458533287,-2.127547264099121
488,24994,3.388874557167292,20,1,0.03296416625380516,1.8479053646447139,1.0,0.0077473679557442665,0.010312443599104881,-2.3901827335357666
489,25022,1.1738822580873962,28,1,0.031140001490712166,1.7455559420892972,1.0,0.007731100544333458,0.021244335919618607,-2.3558125495910645
490,25056,-0.6596223805099735,34,1,0.034900423139333725,1.6973901194417849,1.0,0.007718278560787439,0.007178357802331448,-2.214724063873291
491,25091,-0.4724509006738655,35,1,0.03387453407049179,1.558982300550677,1.0,0.007671993691474199,0.007006051018834114,-2.170076370239258
492,25108,3.7943264620006083,17,1,0.029430683702230453,1.554029782750644,1.0,0.0076713464222848415,0.0077504925429821014,-2.4109725952148438
493,25132,2.4809190330654376,24,1,0.033906761556863785,1.7208717075409372,1.0,0.00766350794583559,0.008160490542650223,-2.2059831619262695
494,25167,-0.6220769369602221,35,1,0.02938668057322502,1.6441260321931914,1.0,0.007658094167709351,0.014545508660376072,-2.5155763626098633
495,25201,0.6575071685761209,34,1,0.033357203006744385,1.5925509592304006,1.0,0.007660789415240288,0.009199229069054127,-2.3297786712646484
496,25229,0.9809333132207403,28,1,0.02989070862531662,1.5931298403749241,1.0,0.007670051418244839,0.014937298372387886,-2.222275733947754
497,25249,3.069065918028355,20,1,0.0318424329161644,1.6785162424826996,1.0,0.007664366625249386,0.010719219222664833,-2.5486855506896973
498,25285,-2.229031421393154,36,1,0.03117130696773529,1.6199998019644994,1.0,0.007648142520338297,0.011493217200040817,-2.5570404529571533
499,25305,2.976075681298971,20,1,0.032907743006944656,1.6350547615671531,1.0,0.007643100339919329,0.006875039078295231,-2.50848126411438
500,25328,2.4424424068629738,23,1,0.0285783801227808,1.6524834447437897,1.0,0.007626601494848728,0.00994875654578209,-2.3994340896606445
501,25347,3.5975944280624392,19,1,0.034006886184215546,1.6446003069030124,1.0,0.007599067408591509,0.008644850924611092,-2.1561386585235596
502,25373,1.6194106470048437,26,1,0.03158905729651451,1.7967900544377042,1.0,0.007618862669914961,0.016656924039125443,-2.3832337856292725
503,25395,2.853651082962751,22,1,0.033136945217847824,1.7870187415974215,1.0,0.007595260161906481,0.00980580598115921,-2.43463397026062
504,25414,3.145749994963407,19,1,0.03039592318236828,1.7644667544262487,1.0,0.007602966856211424,0.010031080804765224,-2.6090035438537598
505,25452,-2.2298625504970566,38,1,0.034400563687086105,1.5703141322396694,1.0,0.0075794607400894165,0.00894901156425476,-2.6087093353271484
506,25477,2.1263012593984607,25,1,0.03180442377924919,1.539013742763549,1.0,0.007539334241300821,0.007971417158842087,-2.3895468711853027
507,25510,-0.9958058954775311,33,1,0.02779710851609707,1.3548942062593994,1.0,0.007541315164417028,0.02063148282468319,-2.560614585876465
508,25529,3.2477503913640975,19,1,0.030479183420538902,1.3478379979692399,1.0,0.007525003515183926,0.007630438543856144,-2.205235481262207
509,25556,1.5115884390473364,27,1,0.03300095722079277,1.3647233070172367,1.0,0.0075292279943823814,0.01352827437222004,-2.349501609802246
510,25584,1.2032432572543632,28,1,0.0300662312656641,1.4578665889054538,1.0,0.0075520859099924564,0.011615249328315258,-2.278533458709717
511,25615,0.7839479970932022,31,1,0.0324484258890152,1.520686533793807,1.0,0.007554981857538223,0.0074381441809237,-2.302236557006836
512,25642,0.7768733792006968,27,1,0.033210769295692444,1.3698138796538115,1.0,0.007535830140113831,0.00845542922616005,-2.581721544265747
513,25674,-0.3487544599175445,32,1,0.034775324165821075,1.2283302050046623,1.0,0.007521365769207478,0.007486768998205662,-2.138857841491699
514,25707,-0.23034882657229883,33,1,0.03326134383678436,1.2479166105240587,1.0,0.007508834823966026,0.018127545714378357,-2.529996395111084
515,25743,-1.263851480949671,36,1,0.03332415595650673,1.151848678047769,1.0,0.007489142473787069,0.007852258160710335,-2.5807607173919678
516,25771,0.874732310622929,28,1,0.03225471079349518,1.1465386279178784,1.0,0.0074720242992043495,0.0066426414996385574,-2.4639854431152344
517,25802,-0.5438734622299677,31,1,0.029282856732606888,0.9658916589049621,1.0,0.0074659776873886585,0.008522836491465569,-2.329572916030884
518,25833,0.34454588606953607,31,1,0.03057926520705223,1.0945705242780968,1.0,0.007442929316312075,0.005594923160970211,-2.540651321411133
519,25848,3.8347239360213283,15,1,0.026803968474268913,1.1375029370142147,1.0,0.0074429078958928585,0.01032835803925991,-2.2552123069763184
520,25880,0.23108009502291882,32,1,0.03195446357131004,1.026934821422212,1.0,0.007420200388878584,0.00940731167793274,-2.2682881355285645
521,25917,-2.126582405865194,37,1,0.033615972846746445,0.7407259797258303,1.0,0.007442595437169075,0.008223791606724262,-2.5726141929626465
522,25951,0.03487215772271046,34,1,0.034901123493909836,0.6614990552617238,1.0,0.007443948183208704,0.007626672741025686,-2.4671311378479004
523,25984,-0.10205491252243615,33,1,0.03413422033190727,0.5137137554874643,1.0,0.007449483964592218,0.011335065588355064,-2.5226383209228516
524,26008,2.4122892820835116,24,1,0.03385418653488159,0.4770407198434695,1.0,0.00742390938103199,0.007277144119143486,-2.5854105949401855
525,26023,4.143697561025619,15,1,0.030353160575032234,0.7957187254196034,1.0,0.007426617667078972,0.00789623148739338,-2.5958144664764404
526,26052,0.7486956179142013,29,1,0.0332435667514801,0.7268384433453903,1.0,0.007416167762130499,0.009387622587382793,-2.2841901779174805
527,26077,1.869603724759071,25,1,0.030520398169755936,0.8701089243572204,1.0,0.007403261493891478,0.013662771321833134,-2.6193833351135254
528,26107,0.7770263884961608,30,1,0.0332818441092968,0.7465727242138236,1.0,0.007380484603345394,0.006506915204226971,-2.306166887283325
529,26133,1.3780333187431082,26,1,0.034902576357126236,0.7398949681986122,1.0,0.007384060882031918,0.008159516379237175,-2.639500617980957
530,26168,-0.02544118151068986,35,1,0.031507980078458786,0.6784607462603597,1.0,0.0073687429539859295,0.008703633211553097,-2.5295932292938232
531,26183,3.949512106776237,15,1,0.024836817756295204,0.8367389517445114,1.0,0.007371080107986927,0.008214473724365234,-2.163933515548706
532,26197,3.9700082018971443,14,1,0.03154013678431511,0.9963956928793337,1.0,0.007381878327578306,0.008198525756597519,-2.5574936866760254
533,26221,1.791007504910231,24,1,0.02771202102303505,1.1033837911207223,1.0,0.007388339843600988,0.011333547532558441,-2.4671072959899902
534,26240,3.582582217082382,19,1,0.03193112835288048,1.2940303433034566,1.0,0.0073804911226034164,0.008852231316268444,-2.3425886631011963
535,26275,-0.7250444716215139,35,1,0.034151192754507065,1.3209706937698644,1.0,0.0073455157689750195,0.009631676599383354,-2.5738205909729004
536,26301,1.4171020704507837,26,1,0.0305552426725626,1.348089181761257,1.0,0.007334123365581036,0.011273068375885487,-2.3642969131469727
537,26325,2.4229374781250947,24,1,0.029185280203819275,1.4964297287790103,1.0,0.007322602439671755,0.011918322183191776,-2.394718885421753
538,26344,2.9825487476587296,19,1,0.03279717639088631,1.62832987185847,1.0,0.007307063322514296,0.00727720744907856,-2.5334267616271973
539,26372,1.1382288764417163,28,1,0.03152289614081383,1.4935051188794892,1.0,0.007295709569007158,0.0076690977439284325,-2.5793118476867676
540,26395,2.2251420100033275,23,1,0.030503295361995697,1.5932082146285098,1.0,0.007290649693459272,0.013240191154181957,-2.37066650390625
541,26418,2.4447553998231895,23,1,0.03158438205718994,1.8217751049129287,1.0,0.007300623692572117,0.015667641535401344,-2.539015531539917
542,26456,-1.0156841716170328,38,1,0.03355816379189491,1.7692472884459414,1.0,0.007302952464669943,0.015260620042681694,-2.5814671516418457
543,26488,-0.6376432608067981,32,1,0.029910897836089134,1.7424678710317234,1.0,0.007304659113287926,0.009410064667463303,-2.6060259342193604
544,26508,2.8655768044292924,20,1,0.031353432685136795,1.765132247149013,1.0,0.007310123182833195,0.005504997447133064,-2.3180880546569824
545,26525,3.335375862121582,17,1,0.0348798930644989,1.7247161622038107,1.0,0.007313850335776806,0.005578427575528622,-2.4801907539367676
546,26542,3.8058500827848905,17,1,0.03408930450677872,1.8775738854473456,1.0,0.0073170908726751804,0.00695386715233326,-2.4475724697113037
547,26568,1.5574266211688519,26,1,0.034489165991544724,1.8619650302678346,1.0,0.007319103926420212,0.008214423432946205,-2.568603992462158
548,26599,0.5532423986494548,31,1,0.03318635746836662,1.8507758307754991,1.0,0.007328023202717304,0.0073794047348201275,-2.266848564147949
549,26624,2.0834601359069347,25,1,0.03291270136833191,1.88604717163369,1.0,0.007321296259760857,0.012718556448817253,-2.486987590789795
550,26644,3.045814557224512,20,1,0.026706473901867867,2.03960995857045,1.0,0.007331234868615866,0.005296621471643448,-2.5819735527038574
551,26678,-1.1834940734505643,34,1,0.028614426031708717,1.7829596495591105,1.0,0.007326643448323011,0.010060910135507584,-2.5179061889648438
552,26690,4.372214130610228,12,1,0.031172236427664757,1.8030699459947648,1.0,0.007326133083552122,0.006989641115069389,-2.546238899230957
553,26726,-0.756374547928572,36,1,0.03362245485186577,1.6757008433528244,1.0,0.007318074349313974,0.01050979271531105,-2.3810882568359375
554,26738,4.339811005890369,12,1,0.02854181081056595,1.7135622827932238,1.0,0.0073206606321036816,0.005930744577199221,-2.4881134033203125
555,26761,2.0150373826920984,23,1,0.032803844660520554,1.8505663755089046,1.0,0.007325668353587389,0.014426006004214287,-2.572479248046875
556,26785,1.9561258639395227,24,1,0.03074500896036625,1.8775175651833416,1.0,0.007317802403122187,0.00781728234142065,-2.5415282249450684
557,26819,-1.1453885290026662,34,1,0.03230530396103859,1.6991012648269535,1.0,0.007308509200811386,0.009380362927913666,-2.5987374782562256
558,26847,1.043187792450189,28,1,0.03352399542927742,1.6021332170665263,1.0,0.007314286194741726,0.007771697361022234,-2.364780902862549
559,26881,-0.6100009403377769,34,1,0.03488198667764664,1.5147217262275516,1.0,0.007297104690223932,0.00642498629167676,-2.4435489177703857
560,26902,2.9859349223971368,21,1,0.03028583712875843,1.552761371847242,1.0,0.00730170588940382,0.006405132822692394,-2.4592061042785645
561,26946,-1.679788667261601,44,1,0.03497118130326271,1.3465341684930026,1.0,0.007316427771002054,0.00768359936773777,-2.417738914489746
562,26979,-0.65972723826766,33,1,0.030756903812289238,1.3643320151604712,1.0,0.0073225428350269794,0.007041864097118378,-2.3547818660736084
563,26993,4.063292267471551,14,1,0.032383356243371964,1.5993787915743887,1.0,0.007318255957216024,0.009883517399430275,-2.5038180351257324
564,27021,0.5118882496655006,28,1,0.03434973582625389,1.481694363836199,1.0,0.0073188492096960545,0.007977842353284359,-2.5708861351013184
565,27050,0.501417268961668,29,1,0.034562163054943085,1.3399964341782034,1.0,0.007314638234674931,0.008157001808285713,-2.400969982147217
566,27076,1.5059467305243017,26,1,0.02932703122496605,1.2250012665651737,1.0,0.00731649762019515,0.010152202099561691,-2.5562496185302734
567,27097,2.8580180568993083,21,1,0.031260907649993896,1.2900308383516965,1.0,0.007320792879909277,0.013802273198962212,-2.44448184967041
568,27120,2.1261723630130285,23,1,0.025848912075161934,1.3686773365698752,1.0,0.007317802403122187,0.011181036941707134,-2.677187919616699
569,27153,0.5201181006431606,33,1,0.034435030072927475,1.2905102348066866,1.0,0.0073122563771903515,0.010624144226312637,-2.616307258605957
570,27177,1.788122080564499,24,1,0.028087759390473366,1.227625610973686,1.0,0.007336851675063372,0.007312926463782787,-2.3454294204711914
571,27207,0.6509009964764108,30,1,0.03089207597076893,1.3193453644700348,1.0,0.007333846762776375,0.010120145976543427,-2.701685905456543
572,27240,-0.9742554315924634,33,1,0.03144288808107376,1.0520218863599,1.0,0.007314380258321762,0.005604078061878681,-2.4530298709869385
573,27259,3.0326855176687237,19,1,0.03219794109463692,1.241474889639765,1.0,0.007303513120859861,0.005680058151483536,-2.5871989727020264
574,27277,3.3918988960981364,18,1,0.031217340379953384,1.1940792841501533,1.0,0.007316577713936567,0.005457418970763683,-2.4740641117095947
575,27306,0.8623963548243045,29,1,0.028711996972560883,1.1364472327567636,1.0,0.0073203532956540585,0.0060392506420612335,-2.5260941982269287
576,27331,1.7166748897731305,25,1,0.029749670997262,1.1244746840484443,1.0,0.007329665590077639,0.010145634412765503,-2.401979923248291
577,27356,1.4130923770368096,25,1,0.03340712562203407,1.2523987293504177,1.0,0.007326845545321703,0.01582629419863224,-2.474691867828369
578,27389,-0.954388463348149,33,1,0.033949561417102814,1.1525199165605011,1.0,0.007339483126997948,0.010090814903378487,-2.5501856803894043
579,27423,-0.20902683138847333,34,1,0.03278006985783577,1.1725686220079663,1.0,0.007357514463365078,0.009672034531831741,-2.607973575592041
580,27442,3.1223302711546417,19,1,0.03291216865181923,1.1793883894458417,1.0,0.007362111937254667,0.008312486112117767,-2.6111397743225098
581,27457,3.779900932461023,15,1,0.030336428433656693,1.4523728694319726,1.0,0.007348279468715191,0.006283714901655912,-2.473968505859375
582,27495,-0.5547033292055117,38,1,0.03492053970694542,1.45762406488508,1.0,0.007344065699726343,0.005136342719197273,-2.495490074157715
583,27514,3.4258669768273826,19,1,0.02899063192307949,1.4257528003528717,1.0,0.007348987739533186,0.005477092228829861,-2.714362621307373
584,27533,3.139370955973863,19,1,0.027844281867146492,1.5571269356682897,1.0,0.007332067470997572,0.006213395856320858,-2.3496148586273193
585,27550,3.7840930490195746,17,1,0.03148309513926506,1.7212607246711848,1.0,0.0073196664452552795,0.006097644567489624,-2.825392246246338
586,27572,2.913528843671084,22,1,0.028885969892144203,1.7916398303285241,1.0,0.00731382891535759,0.00727093918249011,-2.905256509780884
587,27596,2.2325010375678542,24,1,0.03231775015592575,1.7603639793619514,1.0,0.007315617986023426,0.011401545256376266,-2.6298727989196777
588,27621,1.5719027014076712,25,1,0.03290681168437004,1.7326504962816838,1.0,0.007326639723032713,0.006040453910827637,-2.4135589599609375
589,27641,2.9928191089630123,20,1,0.031450945883989334,1.8562855466976764,1.0,0.007326992694288492,0.00799257680773735,-2.6220412254333496
590,27665,2.209013005942105,24,1,0.034333351999521255,1.8773300929665566,1.0,0.007328176870942116,0.00952398031949997,-2.484938383102417
591,27695,-0.23784046873450126,30,1,0.032067228108644485,1.8328930197060107,1.0,0.0073568690568208694,0.005896277260035276,-2.494232654571533
592,27741,-1.0711030633188772,46,1,0.03441057726740837,1.8280506381196902,1.0,0.007374264765530825,0.005830376408994198,-2.3938093185424805
593,27769,0.9575161024928098,28,1,0.03468947112560272,1.7242921673608944,1.0,0.007375337649136782,0.006982310675084591,-2.5061192512512207
594,27795,2.0636786480247973,26,1,0.03408241271972656,1.6578811549572279,1.0,0.007371842861175537,0.008265773765742779,-2.7373127937316895
595,27835,-0.35781287729740185,40,1,0.03372747823596001,1.5968706933511423,1.0,0.00736783305183053,0.010699559934437275,-2.383452892303467
596,27868,0.1162975251674645,33,1,0.03451643884181976,1.5168518251208591,1.0,0.007359995506703854,0.01457160897552967,-2.4235196113586426
597,27887,3.1404099214076995,19,1,0.03485989570617676,1.6032177023394034,1.0,0.007364008110016584,0.006570138968527317,-2.5429394245147705
598,27898,4.417088355273008,11,1,0.03036673367023468,1.8717915432704615,1.0,0.007356757298111916,0.007719723973423243,-2.3750174045562744
599,27926,1.2070399521291253,28,1,0.030303390696644783,1.942594882446341,1.0,0.007351559586822987,0.01138622872531414,-2.2047595977783203
600,27947,2.6704218789935106,21,1,0.0325157605111599,1.9199994628382844,1.0,0.0073457504622638226,0.00944567658007145,-2.5540151596069336
601,27978,0.100984030067921,31,1,0.03180556371808052,1.7360536177186296,1.0,0.007312817499041557,0.008553329855203629,-2.6432559490203857
602,27998,2.8239809921383854,20,1,0.030633972957730293,1.9049878337858241,1.0,0.007300470490008593,0.005860500503331423,-2.447918653488159
603,28018,2.6494221986830233,20,1,0.03495051711797714,1.8661655948786062,1.0,0.007306811865419149,0.006246986333280802,-2.4697632789611816
604,28041,2.474193636924028,23,1,0.030507657676935196,1.8329067289261147,1.0,0.0072952574118971825,0.009395072236657143,-2.3421640396118164
605,28068,1.2484122778475295,27,1,0.0323498398065567,1.7061226903675124,1.0,0.007292530965059996,0.004987877793610096,-2.6606192588806152
606,28090,3.000290030390024,22,1,0.03245462849736214,1.7104607497034592,1.0,0.0072845579124987125,0.007006911560893059,-2.5798163414001465
607,28112,2.698174681067467,22,1,0.02770361490547657,1.7337444318784399,1.0,0.007281630299985409,0.010920252650976181,-2.6289427280426025
608,28128,3.752304694801569,16,1,0.02669774554669857,1.8427645315481347,1.0,0.007292767055332661,0.007160591892898083,-2.193815231323242
609,28153,1.4579140777885913,25,1,0.03232984617352486,1.7660192799894137,1.0,0.007308010943233967,0.006044046021997929,-2.6013998985290527
610,28172,3.2528124438226222,19,1,0.03177598863840103,1.8182092518834398,1.0,0.007326328661292791,0.006043524481356144,-2.521235466003418
611,28197,2.1696108381450174,25,1,0.03096727281808853,1.9385818172274156,1.0,0.0073063489980995655,0.005399925634264946,-2.654448986053467
612,28225,1.3978430700302118,28,1,0.02869655378162861,2.0620291238948703,1.0,0.007294749841094017,0.006392365321516991,-2.5800118446350098
613,28256,0.18844632998108857,31,1,0.03142523393034935,2.0235756352692844,1.0,0.007287674117833376,0.005073702894151211,-2.414802074432373
614,28279,2.355377676188946,23,1,0.030451372265815735,2.038160586677492,1.0,0.007303959224373102,0.0054000006057322025,-2.3786535263061523
615,28300,2.7528760959208016,21,1,0.030573135241866112,2.193695035338402,1.0,0.007311743684113026,0.0069777159951627254,-2.4571170806884766
616,28320,2.9220804086327545,20,1,0.02845245786011219,2.333984179511666,1.0,0.007321753539144993,0.01027024444192648,-2.78947377204895
617,28346,1.6309731882810596,26,1,0.030949600040912628,2.258512342855334,1.0,0.007313577923923731,0.005576004274189472,-2.733212947845459
618,28377,-0.29260525673628024,31,1,0.031364355236291885,2.0230276622548695,1.0,0.007319013122469187,0.008326692506670952,-2.613593101501465
619,28402,2.0020224599540235,25,1,0.030641140416264534,2.062776787646115,1.0,0.007334885653108358,0.006552519276738167,-2.436253547668457
620,28435,-0.504535825699568,33,1,0.0315382294356823,1.904028902411461,1.0,0.007334039080888033,0.0050571677275002,-2.6496920585632324
621,28463,1.0063531376421455,28,1,0.029788430780172348,1.9492973577901715,1.0,0.007346643600612879,0.007067766971886158,-2.5881524085998535
622,28494,-0.37657215550541867,31,1,0.02614464983344078,1.7892697004079818,1.0,0.007355133071541786,0.011757622472941875,-2.492553949356079
623,28514,2.7235875312983984,20,1,0.03385559096932411,1.7929779670387505,1.0,0.007351395208388567,0.005134588107466698,-2.5232014656066895
624,28540,1.0077422884106628,26,1,0.031680550426244736,1.7196553996130821,1.0,0.007344548590481281,0.006690075621008873,-2.6308655738830566
625,28566,1.461299385577441,26,1,0.034371256828308105,1.7302997549995776,1.0,0.00733933923766017,0.007543605286628008,-2.730825424194336
626,28590,2.269924913346767,24,1,0.031501006335020065,1.6937814991474152,1.0,0.007332021836191416,0.004199053160846233,-2.5603930950164795
627,28617,1.275141365677118,27,1,0.02888658456504345,1.6226298333778977,1.0,0.007337844930589199,0.00707173952832818,-2.426680326461792
628,28642,1.5400017605721947,25,1,0.02800850011408329,1.5120146866664288,1.0,0.007343641947954893,0.007980624213814735,-2.700303554534912
629,28677,-1.4616680489480505,35,1,0.030601194128394127,1.3660355803295967,1.0,0.0073267025873064995,0.005550092086195946,-2.6548638343811035
630,28706,1.7482844345271586,29,1,0.034756336361169815,1.2908091798648236,1.0,0.007331962697207928,0.0072216615080833435,-2.449587106704712
631,28726,2.874266288727522,20,1,0.0315176323056221,1.3260419523939488,1.0,0.007339020725339651,0.0057232193648815155,-2.5547235012054443
632,28746,2.9165807592868807,20,1,0.03020409494638443,1.4019788368567823,1.0,0.00733562046661973,0.004878663457930088,-2.463076114654541
633,28759,4.2634759137034415,13,1,0.027469400316476822,1.6057303160429002,1.0,0.0073359208181500435,0.004338102415204048,-2.5054993629455566
634,28789,0.18326967477798561,30,1,0.03385540470480919,1.4971249159723519,1.0,0.007328121457248926,0.004657872952520847,-2.6242470741271973
635,28808,3.104830350428819,19,1,0.034540072083473206,1.5147226286977529,1.0,0.007324505597352982,0.006280812900513411,-2.8723788261413574
636,28838,0.03576841920614093,30,1,0.03168167546391487,1.3704070292264219,1.0,0.0073203640058636665,0.0047897412441670895,-2.717618465423584
637,28868,-0.25111687093973334,30,1,0.03183396905660629,1.2763025262653822,1.0,0.007297842763364315,0.008772731758654118,-2.778371572494507
638,28888,3.2407737153768537,20,1,0.029440753161907196,1.452971474871039,1.0,0.007288105320185423,0.0047113606706261635,-2.744840145111084
639,28906,3.2669921679794793,18,1,0.03399033844470978,1.516219960272312,1.0,0.007286259904503822,0.006991814821958542,-2.604060649871826
640,28935,0.48890669673681053,29,1,0.03193238377571106,1.5658920863941308,1.0,0.007274061441421509,0.01666932739317417,-2.734550714492798
641,28961,1.418893590271474,26,1,0.028399981558322906,1.5865191090255972,1.0,0.007254836615175009,0.005783760920166969,-2.4937167167663574
642,28993,-0.34791612699627983,32,1,0.034081533551216125,1.5879519104510542,1.0,0.007251256611198187,0.005632917862385511,-2.696608066558838
643,29008,3.9129645130038266,15,1,0.029053540900349617,1.6474207595363257,1.0,0.007253058720380068,0.005233433097600937,-2.507711410522461
644,29027,3.2895601962506773,19,1,0.02916121296584606,1.7615116549283265,1.0,0.007261145394295454,0.004091543145477772,-2.5757503509521484
645,29058,0.6354875923693175,31,1,0.03223492205142975,1.7202210652679202,1.0,0.007278207689523697,0.005775729194283485,-2.5900497436523438
646,29074,3.938841080069542,16,1,0.03059534542262554,1.8036668736040589,1.0,0.007271398324519396,0.004748892039060593,-2.5616188049316406
647,29101,1.7607257138192667,27,1,0.034808021038770676,1.8279460910111667,1.0,0.007261419203132391,0.005995430983603001,-2.6536853313446045
648,29110,4.627284024357796,9,1,0.03469943255186081,1.9823102042004468,1.0,0.007257863879203796,0.004461635369807482,-2.7466447353363037
649,29133,2.1731092959642417,23,1,0.03310773894190788,2.164049071446061,1.0,0.007256532087922096,0.008369335904717445,-2.7399086952209473
650,29163,0.944046971201896,30,1,0.030376223847270012,2.1238371982797988,1.0,0.007253054995089769,0.0066545638255774975,-2.679500102996826
651,29188,1.8258626745641227,25,1,0.028787007555365562,2.0714170175716284,1.0,0.007254514843225479,0.0059982966631650925,-2.8921568393707275
652,29224,-1.8280720250308518,36,1,0.028665948659181595,1.8341843783557414,1.0,0.0072608827613294125,0.004195859655737877,-2.698246955871582
653,29256,-0.4001617711782455,32,1,0.03380817547440529,1.601002494111657,1.0,0.00727971363812685,0.006307563744485378,-2.4908218383789062
654,29287,-0.37116375356912545,31,1,0.025100577622652054,1.5732808226943011,1.0,0.007285714615136385,0.00807796698063612,-2.5486700534820557
655,29313,1.2755972613394264,26,1,0.030464375391602516,1.481819168239832,1.0,0.00727809639647603,0.005974867381155491,-2.5097641944885254
656,29338,2.2604269516468047,25,1,0.027831057086586952,1.593052094861865,1.0,0.007274398114532232,0.004871416371315718,-2.6482627391815186
657,29354,3.799873667508364,16,1,0.03165765851736069,1.7956016217842699,1.0,0.00728018581867218,0.004692911170423031,-2.6956377029418945
658,29366,4.353046187311412,12,1,0.030356688424944878,1.8512152453809978,1.0,0.007283044047653675,0.006023437716066837,-2.7468934059143066
659,29390,1.9975800096988667,24,1,0.03263852000236511,1.787744637466967,1.0,0.007278988137841225,0.006437843199819326,-2.5243492126464844
660,29406,3.7809831736981874,16,1,0.029597558081150055,1.952348461315036,1.0,0.007279318291693926,0.005192378535866737,-2.793321132659912
661,29440,-1.1418177770078168,34,1,0.030070822685956955,1.8243128929510715,1.0,0.007276992779225111,0.010607916861772537,-2.6906590461730957
662,29463,2.398176735490561,23,1,0.031246397644281387,1.9616175360754131,1.0,0.007258822675794363,0.003810435999184847,-2.6370859146118164
663,29489,1.9578533966839307,26,1,0.028060445562005043,1.8638619802594185,1.0,0.007265266962349415,0.007375200279057026,-2.6525518894195557
664,29514,2.275177833288908,25,1,0.030608437955379486,1.8131428621113301,1.0,0.0072571407072246075,0.005041933618485928,-2.552318572998047
665,29540,1.4574959130585192,26,1,0.03483131155371666,1.8542432781457905,1.0,0.007266632281243801,0.006402686238288879,-2.7238755226135254
666,29560,2.773595472127199,20,1,0.032612599432468414,1.7959809977486727,1.0,0.007275577634572983,0.0043287742882966995,-2.8689513206481934
667,29585,1.7634857018291954,25,1,0.026810215786099434,1.7961189971491696,1.0,0.007266711909323931,0.00890372134745121,-2.8145089149475098
668,29614,0.2699332903325553,29,1,0.032229259610176086,1.5782514604479077,1.0,0.0072549437172710896,0.007156982086598873,-2.517853260040283
669,29627,4.274627445787192,13,1,0.03108719363808632,1.683327367939055,1.0,0.00724803889170289,0.004228880163282156,-2.6008553504943848
670,29653,1.3872788088023662,26,1,0.03309246152639389,1.7054889598190788,1.0,0.007279311306774616,0.013277391903102398,-2.7618541717529297
671,29678,1.8484553816914548,25,1,0.029158230870962143,1.706618595175445,1.0,0.007295441813766956,0.004431141074746847,-2.6067895889282227
672,29707,0.22044178262352965,29,1,0.029627984389662743,1.8090442855581639,1.0,0.0072943842969834805,0.005709030665457249,-2.654388666152954
673,29727,2.7983490699529643,20,1,0.03348173573613167,1.9689698276147243,1.0,0.007301459088921547,0.004735773429274559,-2.7527430057525635
674,29750,2.334629705846309,23,1,0.03454114496707916,2.1042595005854965,1.0,0.007311583496630192,0.004518063738942146,-2.656587600708008
675,29782,0.18801367640495226,32,1,0.030276961624622345,2.049880321338773,1.0,0.0073220920749008656,0.004492416977882385,-2.899259567260742
676,29807,1.4855400717258451,25,1,0.030736148357391357,2.0111359773427244,1.0,0.007323922123759985,0.0053602284751832485,-2.87958025932312
677,29840,-1.389762653261423,33,1,0.030109936371445656,1.7516541613042353,1.0,0.007333629764616489,0.009573264047503471,-2.521261692047119
678,29874,-0.7060384447872625,34,1,0.03156636282801628,1.498699929699302,1.0,0.007330028805881739,0.005085168406367302,-2.6762804985046387
679,29900,2.018836249262094,26,1,0.03210172802209854,1.499762741677463,1.0,0.007326587103307247,0.005054641515016556,-2.496121406555176
680,29919,3.1821524198353286,19,1,0.0270660612732172,1.4698212039843204,1.0,0.007342696189880371,0.0044615743681788445,-2.860732078552246
681,29943,1.9561750771105295,24,1,0.03400292992591858,1.6247208466902372,1.0,0.00733564468100667,0.019083410501480103,-2.772038221359253
682,29963,3.297311876416206,20,1,0.03476738929748535,1.6696776037365197,1.0,0.0073425667360424995,0.005319509655237198,-2.7063608169555664
683,29990,1.20038035288453,27,1,0.03009822964668274,1.6318039515465497,1.0,0.007362839300185442,0.004829043056815863,-2.6612327098846436
684,30000,-3.4541526401042937,10,0,0.3208272457122803,1.3453374278768895,0.95,0.007368433754891157,0.004003332462161779,-2.720121383666992
